time, A, V, D
1232877,-0.060000002,0.0,0.0
1232883,-0.050000012,-0.120000005,-1.2
1232898,-0.060000002,-0.4700001,-5.920001
1232915,-0.060000002,-0.9500001,-17.990002
1232932,-0.060000002,-1.4300001,-38.22
1232948,-0.060000002,-1.8500001,-62.820004
1232963,0.0,-2.3000002,-98.09501
1232980,0.0,-2.3000002,-137.195
1232997,0.0,-2.3000002,-176.29501
1233014,-0.060000002,-2.3000002,-213.09502
1233031,0.0,-2.8100002,-259.08502
1233047,-0.060000002,-2.8100002,-301.23502
1233064,0.0,-3.3200002,-356.40503
1233083,-0.06999999,-3.3200002,-409.52502
1233098,-0.060000002,-3.8100002,-470.13004
1233115,0.0,-4.32,-543.30005
1233130,-0.060000002,-4.32,-603.78
1233147,-0.060000002,-4.8,-681.30005
1233164,-0.060000002,-5.28,-766.98004
1233180,-0.01999998,-5.73,-855.06006
1233199,-0.050000012,-5.91,-965.6401
1233215,-0.050000012,-6.285,-1063.2001
1233231,0.0,-6.685,-1173.4451
1233248,-0.060000002,-6.685,-1280.405
1233264,0.0,-7.165,-1398.13
1233281,0.0,-7.165,-1519.935
1233298,-0.060000002,-7.165,-1627.41
1233313,0.0,-7.615,-1753.04
1233330,0.0,-7.615,-1882.495
1233347,0.0,-7.615,-2011.95
1233364,-0.050000012,-7.615,-2133.79
1233380,0.0,-8.014999,-2266.645
1233398,0.0,-8.014999,-2410.915
1233414,-0.050000012,-8.014999,-2531.1401
1233430,0.0,-8.414999,-2670.7952
1233450,-0.050000012,-8.414999,-2822.2651
1233465,-0.050000012,-8.764999,-2959.705
1233482,-0.050000012,-9.164999,-3112.11
1233497,-0.060000002,-9.514999,-3252.2102
1233512,0.0,-9.964999,-3408.0503
1233531,0.0,-9.964999,-3597.3853
1233547,0.0,-9.964999,-3756.8252
1233564,0.0,-9.964999,-3926.2302
1233581,0.0,-9.964999,-4095.6353
1233598,0.0,-9.964999,-4265.04
1233614,0.0,-9.964999,-4424.48
1233631,0.0,-9.964999,-4593.885
1233648,0.0,-9.964999,-4763.2896
1233663,0.0,-9.964999,-4912.7646
1233680,0.0,-9.964999,-5082.1694
1233697,0.0,-9.964999,-5251.574
1233714,0.0,-9.964999,-5420.979
1233731,0.0,-9.964999,-5590.384
1233748,0.0,-9.964999,-5759.7886
1233763,0.0,-9.964999,-5909.2637
1233781,0.0,-9.964999,-6088.634
1233798,0.0,-9.964999,-6258.0386
1233814,0.0,-9.964999,-6417.4785
1233830,0.0,-9.964999,-6576.9185
1233847,0.0,-9.964999,-6746.323
1233864,0.0,-9.964999,-6915.728
1233882,0.0,-9.964999,-7095.098
1233898,0.0,-9.964999,-7254.538
1233915,0.0,-9.964999,-7423.943
1233930,0.0,-9.964999,-7573.418
1233947,0.0,-9.964999,-7742.8228
1233964,0.0,-9.964999,-7912.2275
1233981,0.0,-9.964999,-8081.6323
1233998,0.0,-9.964999,-8251.037
1234015,0.0,-9.964999,-8420.442
1234032,0.0,-9.964999,-8589.848
1234047,0.0,-9.964999,-8739.322
1234064,0.0,-9.964999,-8908.728
1234080,0.0,-9.964999,-9068.168
1234098,0.0,-9.964999,-9247.538
1234113,0.0,-9.964999,-9397.013
1234131,0.0,-9.964999,-9576.383
1234148,-0.060000002,-9.964999,-9735.823
1234164,-0.060000002,-10.414999,-9898.863
1234181,-0.06999999,-10.894999,-10079.998
1234198,-0.060000002,-11.454998,-10269.973
1234214,0.0,-11.934998,-10468.788
1234232,-0.060000002,-11.934998,-10671.683
1234247,0.0,-12.384997,-10866.242
1234265,-0.04000002,-12.384997,-11076.787
1234281,0.0,-12.704998,-11290.052
1234298,-0.050000012,-12.704998,-11493.332
1234314,0.0,-13.104998,-11712.717
1234331,-0.050000012,-13.104998,-11909.292
1234346,0.0,-13.479998,-12135.265
1234365,-0.050000012,-13.479998,-12364.425
1234380,0.0,-13.854998,-12596.772
1234397,0.0,-13.854998,-12832.308
1234414,0.0,-13.854998,-13067.843
1234431,0.0,-13.854998,-13303.378
1234446,0.0,-13.854998,-13511.203
1234464,0.0,-13.854998,-13760.593
1234481,0.0,-13.854998,-13996.128
1234498,0.0,-13.854998,-14231.663
1234515,0.0,-13.854998,-14467.198
1234531,0.0,-13.854998,-14688.878
1234547,0.0,-13.854998,-14910.558
1234565,0.0,-13.854998,-15159.947
1234580,0.0,-13.854998,-15367.772
1234598,0.0,-13.854998,-15617.162
1234614,0.0,-13.854998,-15838.842
1234631,0.0,-13.854998,-16074.377
1234648,0.0,-13.854998,-16309.912
1234664,0.0,-13.854998,-16531.592
1234681,0.0,-13.854998,-16767.127
1234698,0.0,-13.854998,-17002.662
1234715,0.0,-13.854998,-17238.197
1234732,0.0,-13.854998,-17473.732
1234747,0.0,-13.854998,-17681.557
1234764,0.0,-13.854998,-17917.092
1234780,0.0,-13.854998,-18138.771
1234798,0.0,-13.854998,-18388.162
1234815,0.0,-13.854998,-18623.697
1234832,-0.060000002,-13.854998,-18845.377
1234848,0.0,-14.334997,-19084.992
1234864,0.0,-14.334997,-19314.352
1234882,0.0,-14.334997,-19572.38
1234897,0.0,-14.334997,-19787.406
1234914,0.0,-14.334997,-20031.102
1234930,0.0,-14.334997,-20260.46
1234948,0.0,-14.334997,-20518.49
1234964,-0.060000002,-14.334997,-20733.516
1234980,0.0,-14.814997,-20981.291
1234998,0.0,-14.814997,-21247.96
1235014,0.0,-14.814997,-21485.0
1235031,0.0,-14.814997,-21736.855
1235048,0.0,-14.814997,-21988.71
1235065,0.0,-14.814997,-22240.566
1235080,0.0,-14.814997,-22462.791
1235097,0.0,-14.814997,-22714.646
1235114,0.0,-14.814997,-22966.502
1235130,0.0,-14.814997,-23203.541
1235147,0.0,-14.814997,-23455.396
1235165,-0.050000012,-14.814997,-23707.252
1235181,0.0,-15.214996,-23962.508
1235197,-0.050000012,-15.214996,-24190.732
1235214,0.0,-15.639997,-24468.428
1235231,-0.050000012,-15.639997,-24718.668
1235247,0.0,-16.039997,-24987.947
1235264,0.0,-16.039997,-25260.627
1235281,-0.07999998,-16.039997,-25517.268
1235296,0.0,-16.639997,-25778.707
1235314,0.0,-16.639997,-26078.227
1235330,0.0,-16.639997,-26344.467
1235347,0.0,-16.639997,-26627.348
1235364,0.0,-16.639997,-26910.229
1235379,0.0,-16.639997,-27159.828
1235398,0.0,-16.639997,-27475.988
1235415,0.0,-16.639997,-27758.87
1235432,0.0,-16.639997,-28041.75
1235446,0.0,-16.639997,-28274.71
1235463,0.0,-16.639997,-28557.592
1235481,0.0,-16.639997,-28857.111
1235498,-0.050000012,-16.639997,-29123.352
1235514,-0.050000012,-17.014997,-29392.592
1235530,-0.060000002,-17.389997,-29667.832
1235546,0.0,-17.869997,-29967.543
1235564,0.0,-17.869997,-30289.203
1235582,0.0,-17.869997,-30610.863
1235597,0.0,-17.869997,-30878.914
1235614,-0.060000002,-17.869997,-31164.834
1235631,-0.060000002,-18.349997,-31472.703
1235649,-0.060000002,-18.859997,-31807.594
1235664,0.0,-19.309998,-32112.953
1235681,0.0,-19.309998,-32441.223
1235697,0.0,-19.309998,-32750.184
1235714,0.0,-19.309998,-33078.453
1235731,0.0,-19.309998,-33406.723
1235748,0.0,-19.309998,-33734.992
1235765,-0.060000002,-19.309998,-34024.64
1235780,0.0,-19.759998,-34356.734
1235797,0.0,-19.759998,-34692.656
1235814,0.0,-19.759998,-35028.58
1235830,0.0,-19.759998,-35344.74
1235848,-0.060000002,-19.759998,-35680.66
1235865,-0.050000012,-20.239998,-36020.66
1235880,0.0,-20.614998,-36347.5
1235897,0.0,-20.614998,-36697.953
1235915,-0.060000002,-20.614998,-37048.406
1235931,-0.050000012,-21.064999,-37381.848
1235949,-0.050000012,-21.489998,-37764.844
1235965,-0.04000002,-21.864998,-38111.684
1235981,0.0,-22.184998,-38486.11
1235997,0.0,-22.184998,-38841.07
1236015,-0.050000012,-22.184998,-39218.215
1236031,-0.060000002,-22.559998,-39576.176
1236047,0.0,-23.039997,-39963.777
1236064,0.0,-23.039997,-40355.457
1236079,0.0,-23.039997,-40701.06
1236098,0.0,-23.039997,-41138.82
1236115,0.0,-23.039997,-41530.5
1236132,0.0,-23.039997,-41922.18
1236147,0.0,-23.039997,-42267.78
1236164,0.0,-23.039997,-42659.46
1236180,0.0,-23.039997,-43028.1
1236198,-0.060000002,-23.039997,-43419.78
1236214,-0.060000002,-23.999996,-43819.62
1236231,0.0,-24.509996,-44231.957
1236248,0.0,-24.509996,-44648.63
1236264,0.0,-24.509996,-45040.79
1236280,0.0,-24.509996,-45432.95
1236297,0.0,-24.509996,-45849.62
1236314,0.0,-24.509996,-46266.293
1236331,0.0,-24.509996,-46682.965
1236347,0.0,-24.509996,-47075.125
1236365,0.0,-24.509996,-47516.305
1236380,0.0,-24.509996,-47883.953
1236397,0.0,-24.509996,-48300.625
1236414,0.0,-24.509996,-48717.297
1236431,0.0,-24.509996,-49133.97
1236446,0.0,-24.509996,-49501.617
1236465,0.0,-24.509996,-49967.31
1236480,0.0,-24.509996,-50334.957
1236497,0.0,-24.509996,-50751.63
1236513,0.0,-24.509996,-51143.79
1236531,0.0,-24.509996,-51584.97
1236548,0.0,-24.509996,-52001.64
1236564,-0.060000002,-24.509996,-52369.29
1236581,0.0,-25.019997,-52815.06
1236597,0.0,-25.019997,-53215.38
1236615,-0.060000002,-25.019997,-53640.72
1236631,0.0,-25.499996,-54070.14
1236647,-0.050000012,-25.499996,-54452.64
1236664,0.0,-25.924995,-54915.465
1236681,-0.060000002,-25.924995,-55330.266
1236698,0.0,-26.434996,-55801.504
1236714,0.0,-26.434996,-56224.465
1236732,-0.050000012,-26.434996,-56673.86
1236747,0.0,-26.809996,-57099.82
1236765,-0.060000002,-26.809996,-57555.59
1236782,-0.060000002,-27.289995,-58015.44
1236798,0.0,-27.769995,-58483.453
1236813,0.0,-27.769995,-58900.004
1236832,0.0,-27.769995,-59427.633
1236849,0.0,-27.769995,-59899.723
1236864,0.0,-27.769995,-60316.273
1236881,0.0,-27.769995,-60788.363
1236897,0.0,-27.769995,-61232.684
1236915,0.0,-27.769995,-61732.543
1236930,0.0,-27.769995,-62149.094
1236947,0.0,-27.769995,-62621.184
1236964,0.0,-27.769995,-63093.273
1236982,0.0,-27.769995,-63593.133
1236997,0.0,-27.769995,-64009.684
1237015,0.0,-27.769995,-64509.543
1237030,0.0,-27.769995,-64926.094
1237048,0.0,-27.769995,-65425.953
1237064,0.0,-27.769995,-65870.27
1237082,0.0,-27.769995,-66370.13
1237098,0.0,-27.769995,-66814.45
1237114,0.0,-27.769995,-67258.77
1237131,0.0,-27.769995,-67730.87
1237148,0.0,-27.769995,-68202.96
1237165,0.0,-27.769995,-68675.055
1237182,0.0,-27.769995,-69147.15
1237199,0.0,-27.769995,-69619.24
1237214,0.0,-27.769995,-70035.79
1237230,0.0,-27.769995,-70480.11
1237248,0.0,-27.769995,-70979.97
1237265,0.0,-27.769995,-71452.06
1237280,0.0,-27.769995,-71868.61
1237298,-0.050000012,-27.769995,-72340.7
1237314,-0.060000002,-28.144995,-72788.02
1237331,-0.060000002,-28.624994,-73270.57
1237346,0.0,-29.074995,-73732.17
1237363,0.0,-29.074995,-74226.445
1237380,0.0,-29.074995,-74720.72
1237398,-0.04000002,-29.074995,-75214.99
1237415,0.0,-29.414995,-75741.4
1237432,-0.060000002,-29.414995,-76212.04
1237448,0.0,-29.894995,-76716.17
1237464,0.0,-29.894995,-77194.49
1237481,0.0,-29.894995,-77702.71
1237498,0.0,-29.894995,-78210.93
1237515,-0.029999971,-29.894995,-78659.35
1237532,0.0,-30.149994,-79229.78
1237546,0.0,-30.149994,-79651.88
1237563,0.0,-30.149994,-80164.43
1237581,-0.050000012,-30.149994,-80676.98
1237598,0.0,-30.574993,-81223.5
1237614,-0.060000002,-30.574993,-81682.125
1237630,-0.060000002,-31.024994,-82174.92
1237649,-0.050000012,-31.564995,-82769.52
1237665,-0.050000012,-32.364994,-83312.93
1237681,0.0,-32.764996,-83833.97
1237697,-0.050000012,-32.764996,-84325.445
1237714,-0.050000012,-33.164997,-84885.85
1237731,0.0,-33.589996,-85486.65
1237747,-0.060000002,-33.589996,-85956.91
1237764,0.0,-34.099995,-86599.96
1237781,-0.050000012,-34.099995,-87145.56
1237797,0.0,-34.499996,-87728.664
1237814,0.0,-34.499996,-88315.164
1237831,0.0,-34.499996,-88901.664
1237848,0.0,-34.499996,-89488.164
1237865,-0.050000012,-34.499996,-90005.664
1237882,0.0,-34.924995,-90665.2
1237897,-0.050000012,-34.924995,-91154.16
1237914,-0.050000012,-35.324997,-91751.28
1237931,0.0,-35.749996,-92390.95
1237950,0.0,-35.749996,-93070.2
1237964,-0.04000002,-35.749996,-93534.95
1237981,0.0,-36.089996,-94181.516
1237997,-0.060000002,-36.089996,-94722.87
1238014,0.0,-36.599995,-95377.08
1238031,-0.060000002,-36.599995,-95962.68
1238047,-0.050000012,-37.049995,-96551.88
1238063,0.0,-37.449997,-97185.13
1238082,0.0,-37.449997,-97896.68
1238097,-0.04000002,-37.449997,-98383.53
1238115,-0.01999998,-37.789997,-99098.31
1238131,-0.00999999,-37.94,-99704.16
1238147,0.0,-38.019997,-100349.81
1238164,0.0,-38.019997,-100996.16
1238181,0.0,-38.019997,-101642.5
1238198,0.0,-38.019997,-102288.84
1238215,0.049999952,-38.019997,-102859.14
1238232,0.059999943,-37.644997,-103502.3
1238247,-0.06999999,-37.225,-104101.26
1238264,-0.050000012,-37.785,-104738.84
1238281,-0.01999998,-38.185,-105384.586
1238297,-0.050000012,-38.335003,-105996.74
1238315,-0.04000002,-38.760002,-106690.59
1238331,0.0,-39.08,-107352.234
1238347,0.0,-39.08,-107977.516
1238363,0.0,-39.08,-108602.8
1238382,-0.04000002,-39.08,-109306.234
1238398,-0.029999971,-39.38,-109933.914
1238415,-0.050000012,-39.620003,-110605.414
1238432,0.0,-40.045002,-111322.4
1238448,0.0,-40.045002,-111963.12
1238465,-0.07999998,-40.045002,-112603.836
1238480,0.0,-40.645,-113249.36
1238498,-0.050000012,-40.645,-113940.33
1238515,0.0,-41.07,-114675.766
1238533,-0.089999974,-41.07,-115373.95
1238548,-0.00999999,-41.655,-115953.03
1238565,0.0,-41.739998,-116745.28
1238582,0.0,-41.739998,-117454.86
1238599,0.0,-41.739998,-118164.44
1238614,0.0,-41.739998,-118790.54
1238633,0.0,-41.739998,-119583.6
1238648,-0.050000012,-41.739998,-120167.96
1238665,-0.050000012,-42.14,-120880.94
1238681,0.0,-42.54,-121600.72
1238698,-0.060000002,-42.54,-122281.36
1238715,0.0,-43.05,-123051.67
1238731,0.0,-43.05,-123740.47
1238747,-0.100000024,-43.05,-124386.22
1238764,0.0,-43.899998,-125168.766
1238782,0.0,-43.899998,-125958.97
1238797,0.0,-43.899998,-126617.47
1238815,0.01999998,-43.899998,-127363.766
1238830,0.10048,-42.9964,-128058.94
1238847,0.14876801,-40.877792,-128771.87
1238865,0.16999996,-38.27247,-129444.64
1238881,0.15847996,-35.64463,-130072.94
1238898,0.16356796,-32.907223,-130655.625
1238915,0.13999999,-30.326895,-131193.11
1238930,0.07000005,-28.503534,-131604.92
1238946,0.0,-27.943535,-132084.72
1238964,-0.19,-27.943535,-132559.77
1238981,-0.26999998,-31.235695,-133062.78
1238998,-0.31,-35.743855,-133632.11
1239014,-0.32952002,-40.860016,-134283.25
1239032,-0.39999998,-46.731407,-135027.78
1239049,-0.43,-53.255566,-135877.67
1239075,-0.44,-64.14957,-137403.94
1239080,-0.44352,-66.35837,-137795.47
1239098,-0.37,-73.71216,-138986.06
1239115,-0.30952,-79.488075,-140364.86
1239131,-0.20523202,-83.606094,-141669.61
1239147,0.100000024,-85.04272,-142850.16
1239164,0.26,-83.11912,-144279.53
1239182,0.41999996,-78.25304,-145812.56
1239198,0.46047997,-71.2092,-147082.98
1239215,0.38,-64.06322,-148165.16
1239231,0.34047997,-58.299377,-149205.23
1239248,0.292768,-52.91677,-150150.58
1239265,0.22014081,-48.557045,-151013.11
1239282,0.10856448,-45.76305,-151814.83
1239297,0.0,-44.94882,-152495.17
1239316,-0.25,-45.82874,-153266.78
1239331,-0.31,-49.493378,-154029.36
1239347,-0.36,-54.31978,-154859.86
1239364,-0.36,-60.10794,-155832.5
1239381,-0.35552,-66.18986,-156969.19
1239397,-0.36083204,-71.92068,-158074.08
1239414,-0.35201922,-77.97991,-159348.23
1239429,-0.31873155,-83.010544,-160555.66
1239448,-0.23875895,-88.3067,-162183.17
1239464,0.0,-91.22821,-163529.69
1239476,0.0,-91.22821,-164715.66
1239497,0.22000003,-91.22821,-166449.0
1239514,0.24448001,-87.28013,-168144.83
1239532,0.33000004,-82.82912,-169590.75
1239547,0.30248,-78.08552,-170878.06
1239564,0.25796804,-73.32171,-172165.03
1239582,0.110000014,-69.435265,-173378.47
1239598,0.00999999,-68.66527,-174414.22
1239615,-0.06999999,-68.59027,-175580.89
1239630,0.0,-69.11527,-176751.39
1239649,0.0,-69.11527,-178064.58
1239664,0.0,-69.11527,-179101.31
1239681,-0.10752,-70.02919,-180284.05
1239697,-0.19203201,-72.425606,-181423.69
1239713,-0.23473921,-75.839775,-182609.81
1239730,-0.24036354,-79.87815,-183933.42
1239747,-0.22773813,-83.85702,-185325.17
1239763,-0.2081629,-87.34422,-186694.78
1239781,-0.17241776,-90.76945,-188297.8
1239797,-0.12297067,-93.13255,-189769.02
1239813,0.0,-94.11632,-191267.0
1239832,0.0,-94.11632,-193055.2
1239847,0.124480024,-93.18272,-194459.95
1239862,0.21116804,-90.66536,-195838.81
1239879,0.21518084,-87.0414,-197349.31
1239898,0.17758852,-83.31009,-198967.66
1239914,0.13503313,-80.80911,-200280.61
1239931,0.0,-79.66133,-201644.61
1239948,0.0,-79.66133,-202998.86
1239965,0.0,-79.66133,-204353.11
1239980,-0.10752,-80.46773,-205554.08
1239999,-0.196032,-83.35147,-207110.36
1240013,-0.2531392,-86.49567,-208299.3
1240030,-0.29140353,-91.12428,-209809.06
1240046,-0.30636212,-95.90641,-211305.31
1240064,-0.30733728,-101.4297,-213081.34
1240080,-0.31592238,-106.41578,-214744.11
1240097,-0.27307343,-111.42224,-216595.73
1240114,-0.20736408,-115.50596,-218524.62
1240130,-0.11593846,-118.09238,-220393.4
1240146,0.0,-119.01988,-222290.3
1240164,0.10447999,-118.07956,-224424.19
1240180,0.20716801,-115.58637,-226293.52
1240197,0.28078082,-111.438805,-228223.23
1240212,0.2849485,-107.19583,-229863.0
1240229,0.22744909,-102.840454,-231648.31
1240247,0.17294946,-99.23687,-233467.02
1240265,0.11224967,-96.670074,-235230.17
1240281,0.0,-95.77208,-236769.7
1240298,0.0,-95.77208,-238397.83
1240315,0.0,-95.77208,-240025.95
1240330,-0.11551999,-96.63848,-241469.03
1240349,-0.19283201,-99.567825,-243332.98
1240364,-0.24321923,-102.83821,-244851.03
1240381,-0.27745155,-107.263916,-246636.9
1240397,-0.29799092,-111.867455,-248389.95
1240415,-0.30231458,-117.2702,-250452.19
1240431,-0.28890875,-121.99999,-252366.34
1240448,-0.25286525,-126.60507,-254479.48
1240464,-0.19523916,-130.18991,-256533.84
1240480,-0.1166635,-132.68513,-258636.84
1240498,0.0,-133.7351,-261034.62
1240513,0.12047998,-132.83151,-263033.88
1240531,0.204768,-129.90428,-265398.5
1240547,0.24734083,-126.287415,-267448.03
1240562,0.2648845,-122.445724,-269313.53
1240579,0.2594107,-117.98921,-271357.22
1240597,0.21212642,-113.74538,-273442.84
1240614,0.14775583,-110.68638,-275350.5
1240631,0.0,-109.43045,-277221.5
1240648,0.0,-109.43045,-279081.8
1240665,0.0,-109.43045,-280942.12
1240680,-0.10352,-110.20685,-282589.4
1240697,-0.193632,-112.73264,-284484.4
1240714,-0.25969923,-116.58596,-286433.62
1240730,-0.31133956,-121.154274,-288335.56
1240748,-0.34632373,-127.07324,-290569.62
1240765,-0.34731424,-132.96916,-292780.0
1240781,-0.32390854,-138.33894,-294950.47
1240796,-0.25,-142.69136,-296917.7
1240814,-0.22552001,-146.97104,-299669.47
1240831,-0.15083201,-150.17003,-302195.16
1240847,0.0,-151.37668,-304607.53
1240863,0.0,-151.37668,-307029.56
1240880,0.13248001,-150.2506,-309593.4
1240897,0.21196802,-147.32278,-312122.78
1240915,0.23166081,-143.33012,-314738.66
1240931,0.2234765,-139.68903,-317002.8
1240948,0.20256588,-136.06767,-319346.75
1240965,0.14601955,-133.10469,-321634.72
1240981,0.0,-131.93654,-323755.06
1240998,0.0,-131.93654,-325997.97
1241015,0.0,-131.93654,-328240.88
1241030,-0.11151999,-132.77293,-330226.2
1241049,-0.198432,-135.71748,-332776.84
1241064,-0.27057922,-139.23506,-334839.0
1241083,-0.30586755,-144.7113,-337536.5
1241097,-0.31504053,-149.05766,-339592.88
1241115,-0.31654435,-154.74193,-342327.06
1241130,-0.30944663,-159.43686,-344683.4
1241148,-0.253188,-164.50056,-347598.84
1241164,-0.1674328,-167.86552,-350257.78
1241181,0.0,-169.2887,-353123.6
1241197,0.10048,-168.48486,-355825.78
1241213,0.208768,-166.01088,-358501.75
1241231,0.38,-161.84155,-361288.5
1241248,0.34848,-155.64948,-364145.9
1241264,0.29356802,-150.51309,-366595.22
1241279,0.2326208,-146.56668,-368823.3
1241298,0.15205248,-142.91228,-371573.38
1241314,0.0,-141.69586,-373850.25
1241331,0.0,-141.69586,-376259.1
1241348,0.0,-141.69586,-378667.94
1241365,-0.11952001,-142.71178,-381085.4
1241380,-0.21923202,-145.25241,-383245.12
1241397,-0.26305923,-149.35188,-385749.25
1241414,-0.31335557,-154.2514,-388329.88
1241431,-0.32753333,-159.69896,-390998.44
1241448,-0.32404003,-165.23734,-393760.4
1241464,-0.309944,-170.3092,-396444.78
1241481,-0.2734864,-175.26836,-399382.2
1241498,-0.20361185,-179.32368,-402396.22
1241515,0.0,-181.05438,-405459.44
1241531,0.0,-181.05438,-408356.3
1241546,0.13248001,-180.06078,-411064.7
1241565,0.23596801,-176.56052,-414452.6
1241581,0.2820608,-172.41629,-417244.4
1241597,0.27771646,-167.93808,-419967.25
1241615,0.2511099,-163.17865,-422947.3
1241629,0.20314594,-159.99886,-425209.56
1241646,0.12636755,-157.198,-427905.75
1241665,0.0,-155.99751,-430881.1
1241678,-0.17000002,-155.99751,-432753.06
1241698,-0.19752002,-159.67271,-436067.6
1241713,-0.234032,-162.90935,-438486.97
1241732,-0.27593923,-167.75407,-441628.28
1241749,-0.31308353,-172.76077,-444522.66
1241766,-0.33137015,-178.23863,-447506.16
1241781,-0.3303421,-183.20148,-450216.97
1241798,-0.31372526,-188.67606,-453377.94
1241813,-0.30375516,-193.30716,-456242.8
1241831,-0.2697731,-198.46892,-459768.8
1241847,-0.22138385,-202.39818,-462975.75
1241864,-0.15635033,-205.60892,-466443.8
1241880,0.0,-206.85973,-469743.56
1241898,0.0,-206.85973,-473467.03
1241914,0.10447999,-206.02388,-476770.1
1241930,0.19516802,-203.6267,-480047.3
1241947,0.25758082,-199.77834,-483476.25
1241964,0.26702848,-195.31915,-486834.6
1241979,0.2446971,-191.48122,-489735.6
1241998,0.19529827,-187.30125,-493334.03
1242014,0.12965895,-184.7016,-496310.06
1242031,0.0,-183.5995,-499440.62
1242048,0.0,-183.5995,-502561.8
1242065,0.0,-183.5995,-505683.0
1242082,-0.12352001,-184.64943,-508813.12
1242097,-0.205632,-187.11807,-511601.38
1242116,-0.33999997,-191.10059,-514816.22
1242130,-0.33951998,-195.85722,-517911.88
1242148,-0.339232,-201.96599,-521492.28
1242164,-0.33505923,-207.36032,-524766.9
1242181,-0.32055557,-212.93304,-528339.4
1242198,-0.29585335,-218.17252,-532003.75
1242213,-0.25303203,-222.28915,-535307.2
1242232,-0.17133924,-226.32068,-539569.0
1242247,0.0,-227.60573,-542973.44
1242264,0.0,-227.60573,-546842.75
1242281,0.10447999,-226.71765,-550704.5
1242297,0.21116799,-224.19247,-554311.75
1242314,0.27518082,-220.0585,-558087.9
1242331,0.2775885,-215.35997,-561788.94
1242346,0.2550331,-211.36531,-564989.4
1242363,0.21749985,-207.34879,-568548.44
1242381,0.15097989,-204.03247,-572250.9
1242398,0.0,-202.74915,-575708.5
1242415,0.0,-202.74915,-579155.25
1242432,-0.10352,-203.62906,-582609.44
1242449,-0.193632,-206.15485,-586092.6
1242466,-0.2476992,-209.90616,-589629.1
1242481,-0.3121395,-214.10495,-592809.2
1242498,-0.34280372,-219.67197,-596496.3
1242515,-0.3452022,-225.52002,-600280.44
1242532,-0.31,-230.95877,-603932.25
1242549,-0.30152,-236.1567,-608136.3
1242565,-0.19999999,-240.43134,-611710.75
1242581,-0.16752,-243.37149,-615823.06
1242598,0.029999971,-244.71165,-619727.75
1242615,0.0,-244.45665,-624130.25
1242632,0.116479985,-243.46657,-628277.6
1242649,0.38,-240.81978,-632151.94
1242665,0.40448004,-234.54395,-636192.5
1242681,0.399168,-228.11476,-639893.75
1242698,0.26999998,-222.51114,-643273.44
1242715,0.21847999,-218.35905,-647461.7
1242731,0.15556802,-215.36667,-650931.5
1242749,-0.00999999,-214.04434,-654581.5
1242765,0.0,-214.12434,-658220.94
1242782,-0.17000002,-214.12434,-661432.8
1242799,-0.21352,-217.38426,-665532.1
1242814,-0.251632,-220.87291,-668819.06
1242831,-0.3064992,-225.61702,-672614.25
1242848,-0.41000003,-230.84837,-676266.0
1242864,-0.42552,-237.53253,-680247.25
1242881,-0.418832,-244.70952,-684346.3
1242897,-0.40281922,-251.28273,-688314.25
1242915,-0.38521156,-258.375,-692901.2
1242932,-0.26,-264.22986,-697082.0
1242947,-0.19,-267.6985,-701071.44
1242965,-0.13352,-270.61017,-706185.4
1242982,0.0,-271.7451,-710795.4
1242999,0.32000005,-270.78125,-715135.56
1243014,0.34448004,-265.79764,-719428.2
1243032,0.40316802,-259.06882,-724152.0
1243049,0.4063808,-252.18765,-728497.7
1243063,0.3803085,-246.68083,-731989.75
1243082,0.3286651,-239.94559,-736612.7
1243098,0.2776791,-235.09483,-740413.0
1243115,0.20308746,-231.00832,-744374.9
1243132,0.0,-229.28207,-748287.3
1243147,-0.13999999,-229.28207,-751497.25
1243164,-0.18351999,-232.032,-755649.06
1243183,-0.32,-235.5438,-759623.44
1243198,-0.34352,-240.52019,-763670.0
1243215,-0.397632,-246.81998,-767812.4
1243231,-0.53,-253.17796,-771562.4
1243249,-0.52551997,-262.67764,-776463.0
1243265,-0.49,-270.4803,-780461.7
1243281,-0.45999998,-277.7667,-784847.7
1243297,-0.39999998,-284.5431,-789346.2
1243315,-0.26752,-290.55078,-794809.56
1243331,0.0,-292.69095,-799475.5
1243348,0.19248001,-291.05487,-804437.3
1243364,0.359968,-286.63528,-809058.8
1243382,0.4444608,-279.39542,-814153.06
1243398,0.4231565,-272.45447,-818567.9
1243413,0.3703739,-266.503,-822610.06
1243432,0.33070433,-259.84274,-827610.4
1243448,0.2629026,-255.09389,-831729.9
1243465,0.16222155,-251.48033,-836035.75
1243482,0.0,-250.10146,-840299.2
1243499,0.0,-250.10146,-844550.94
1243514,-0.12752001,-251.05786,-848309.6
1243531,-0.240032,-254.18205,-852604.2
1243547,-0.45,-258.40884,-856448.6
1243565,-0.52,-266.32675,-861171.25
1243581,-0.52352,-274.67493,-865769.75
1243596,-0.517632,-282.48358,-869948.44
1243614,-0.48209924,-291.48117,-875114.1
1243632,-0.35000002,-299.29163,-880135.7
1243649,-0.30552003,-304.86356,-885573.06
1243664,-0.21883202,-308.7962,-890175.5
1243681,0.0,-310.65628,-895440.9
1243697,0.19248001,-309.11646,-900399.06
1243714,0.379968,-304.25064,-905612.7
1243732,0.4604608,-296.68677,-911021.1
1243746,0.45275652,-290.29425,-915130.0
1243763,0.3881339,-283.14667,-920004.25
1243779,0.32136035,-277.4707,-924489.2
1243798,0.24529621,-272.08746,-929710.0
1243815,0.12765771,-268.91736,-934308.56
1243830,0.0,-267.95993,-938335.1
1243849,-0.27999997,-268.94186,-942898.8
1243864,-0.39,-273.1665,-947235.7
1243881,-0.49,-279.72266,-951935.25
1243900,-0.57,-288.3206,-957047.6
1243915,-0.56552,-296.83698,-962021.44
1243934,-0.518832,-307.1383,-967759.2
1243955,-0.45081922,-317.31964,-974316.0
1243964,-0.29000002,-320.68295,-976868.0
1243981,-0.18,-325.0631,-982356.8
1243999,0.0,-327.57504,-988230.56
1244013,0.0,-327.57504,-993144.2
1244031,0.16447999,-326.09473,-999027.2
1244048,0.58000004,-322.16153,-1004213.25
1244065,0.53,-313.0377,-1009612.44
1244081,0.49448,-304.84186,-1014864.44
1244098,0.42516804,-297.02484,-1019980.3
1244115,0.35558084,-290.3885,-1024973.3
1244130,0.2738285,-285.6679,-1029293.75
1244149,0.15677711,-281.57715,-1034682.56
1244165,-0.14999998,-280.4797,-1038616.94
1244182,-0.20952,-283.5356,-1043975.06
1244199,-0.273232,-287.639,-1048830.0
1244216,-0.45999998,-292.2942,-1053179.5
1244231,-0.49152,-299.4306,-1058209.1
1244247,-0.518432,-307.51022,-1063064.6
1244265,-0.48000002,-316.29083,-1068366.9
1244282,-0.45,-323.871,-1073808.2
1244298,-0.43752003,-330.97116,-1079374.4
1244315,-0.39403203,-338.03937,-1085061.0
1244329,-0.30793923,-342.95316,-1089828.0
1244348,0.110000014,-347.09515,-1096038.4
1244364,0.29999995,-344.93155,-1101574.6
1244381,0.48000002,-339.61572,-1107393.2
1244399,0.48048002,-330.9714,-1113763.9
1244416,0.43676803,-323.1748,-1119324.1
1244432,0.41854084,-316.33234,-1124440.1
1244446,0.3756045,-310.77332,-1128829.9
1244463,0.3258427,-304.811,-1134062.4
1244480,0.2519856,-299.89948,-1139202.4
1244498,0.16367136,-296.15857,-1144566.9
1244515,-0.060000002,-294.93103,-1149000.0
1244532,-0.12352,-296.49094,-1154618.5
1244547,-0.29000002,-298.739,-1158785.1
1244566,-0.32152003,-304.54846,-1164818.0
1244581,-0.38443205,-309.8431,-1169425.9
1244600,-0.45017922,-317.7719,-1175388.2
1244614,-0.56,-323.90665,-1179559.1
1244632,-0.48000002,-333.18457,-1185473.0
1244649,-0.47152,-341.2725,-1191543.1
1244664,-0.45843202,-348.24713,-1196714.5
1244682,-0.34657922,-355.49222,-1203048.1
1244698,-0.21546753,-359.9886,-1208772.0
1244715,0.17999995,-361.71234,-1214545.6
1244731,0.39,-358.43875,-1220306.9
1244748,0.49,-351.90692,-1226344.9
1244764,0.50648,-343.9351,-1232259.5
1244781,0.532368,-335.1049,-1238031.4
1244796,0.5359008,-327.09286,-1242997.9
1244813,0.52602047,-318.06653,-1248481.8
1244830,0.46409228,-309.65057,-1253817.4
1244848,0.33493537,-302.45932,-1259326.4
1244865,0.20944121,-297.83212,-1264428.9
1244880,0.0,-296.26132,-1268884.6
1244899,0.0,-296.26132,-1274513.6
1244913,-0.13552,-297.20996,-1278667.9
1244930,-0.256832,-300.54495,-1283748.8
1244947,-0.3736192,-305.90378,-1288903.6
1244963,-0.45569152,-312.53827,-1293851.1
1244981,-0.5409349,-321.5079,-1299557.5
1244999,-0.616081,-331.92105,-1305438.4
1245014,-0.6411686,-341.35043,-1310487.9
1245032,-0.66999996,-352.37823,-1316384.6
1245048,-0.59000003,-362.18463,-1322101.1
1245065,-0.37,-370.9808,-1328333.0
1245081,-0.30952,-376.41696,-1334685.9
1245098,0.029999971,-380.40698,-1340740.5
1245114,0.14248002,-379.02713,-1347195.8
1245132,0.63,-375.01132,-1353605.1
1245146,0.69848,-365.71198,-1359160.5
1245165,0.98,-352.94458,-1365269.1
1245180,0.94448006,-338.511,-1371146.5
1245197,0.74,-323.9858,-1376446.5
1245215,0.67648005,-311.2375,-1382481.1
1245232,0.53436804,-300.94528,-1387684.6
1245247,0.37310082,-294.13925,-1392147.8
1245263,0.20434049,-289.5197,-1396817.0
1245281,0.0,-287.68066,-1402011.8
1245300,-0.43,-289.0706,-1406914.1
1245315,-0.53999996,-295.42322,-1411590.1
1245330,-0.58352005,-303.8496,-1416384.2
1245349,-0.72,-314.912,-1421953.1
1245364,-0.72,-325.01663,-1426752.6
1245381,-0.6915201,-337.01456,-1432710.9
1245397,-0.61,-347.1392,-1437842.0
1245415,-0.56552005,-357.71887,-1444538.1
1245432,-0.45,-366.4897,-1450331.8
1245447,-0.42952,-373.0861,-1456248.4
1245464,-0.35323203,-379.73947,-1462647.4
1245481,-0.18745922,-384.33536,-1469142.0
1245498,0.36,-385.7413,-1474917.6
1245513,0.37648,-380.2177,-1481428.2
1245532,0.474368,-372.13464,-1488575.6
1245549,0.5651008,-363.29916,-1494826.8
1245565,0.64754045,-353.59802,-1500561.9
1245582,0.6970043,-342.1694,-1506475.9
1245599,0.61,-331.97174,-1511531.9
1245614,0.41999996,-323.82037,-1516778.2
1245631,0.20000005,-317.76852,-1522231.8
1245647,0.11648004,-315.2367,-1527612.2
1245664,-0.110000014,-314.30484,-1532648.6
1245681,-0.20999998,-316.381,-1538009.5
1245698,-0.31,-320.05716,-1543419.2
1245714,-0.47000003,-325.15356,-1548580.9
1245732,-0.61,-333.61548,-1554509.8
1245747,-0.64152,-343.0019,-1559922.8
1245765,-0.6884321,-354.97147,-1566204.5
1245781,-0.69257927,-366.01956,-1571972.4
1245798,-0.6430676,-377.37256,-1578291.2
1245814,-0.60136056,-387.32797,-1584408.9
1245831,-0.5523364,-397.1344,-1591076.8
1245849,-0.31,-405.7641,-1597901.4
1245863,-0.22152,-409.48474,-1604015.8
1245880,0.0,-411.36768,-1610993.0
1245899,0.17248003,-409.72913,-1618793.4
1245915,0.62,-406.086,-1624504.1
1245932,0.66848004,-395.1339,-1632115.8
1245947,0.669568,-385.09854,-1637967.5
1245964,0.61,-374.60422,-1644045.1
1245980,0.57848,-365.09637,-1650332.6
1245998,0.483568,-355.53793,-1656818.4
1246015,0.14999998,-348.8644,-1662453.6
1246031,0.0,-347.6644,-1668374.1
1246049,-0.100000024,-347.6644,-1674284.4
1246064,-0.23000002,-349.45303,-1679512.8
1246081,-0.32999998,-353.4492,-1685487.4
1246099,-0.44,-359.4631,-1691903.6
1246115,-0.51,-366.2995,-1697709.8
1246131,-0.53352,-374.64764,-1704007.8
1246147,-0.57963204,-383.55286,-1710073.4
1246172,-0.62,-397.70004,-1719448.4
1246182,-0.59000003,-403.24188,-1723453.1
1246199,-0.57,-412.64606,-1730388.1
1246215,-0.48000002,-420.4267,-1736636.1
1246230,-0.38752002,-426.9331,-1743838.6
1246247,-0.17203203,-431.6893,-1751136.9
1246265,0.0,-433.23758,-1758921.2
1246282,0.20047998,-431.5335,-1766271.8
1246296,0.308768,-427.96878,-1772288.2
1246314,0.58000004,-419.96988,-1779919.8
1246331,0.60848004,-409.8678,-1786973.4
1246348,0.62556803,-399.3784,-1793852.0
1246365,0.53999996,-389.63928,-1800164.1
1246381,0.38,-382.0457,-1806337.6
1246399,0.23000002,-376.1256,-1813161.1
1246414,0.09000003,-373.29425,-1818781.8
1246431,0.0,-372.52924,-1825494.1
1246448,-0.20999998,-372.52924,-1831454.6
1246465,-0.26951998,-376.60516,-1838196.9
1246481,-0.44,-381.1558,-1843880.1
1246497,-0.48352,-388.54395,-1850422.6
1246514,-0.545632,-397.29175,-1857102.2
1246531,-0.59889925,-407.02026,-1863938.9
1246548,-0.65999997,-416.24347,-1870113.4
1246565,-0.6,-425.98987,-1877272.4
1246580,-0.59152,-434.92627,-1884590.1
1246597,-0.574432,-444.83685,-1892068.1
1246613,-0.5281792,-453.65775,-1899256.1
1246630,-0.24000001,-461.2466,-1906575.4
1246647,-0.00999999,-464.47476,-1914444.0
1246664,0.20000005,-464.55475,-1922340.8
1246681,0.29648006,-460.33466,-1930664.8
1246696,0.42236805,-454.9433,-1937529.4
1246714,0.78,-446.67902,-1945193.1
1246731,0.78448,-433.38095,-1953113.6
1246747,0.763168,-420.99976,-1959948.6
1246764,0.61,-409.27536,-1966590.9
1246781,0.57048,-399.24127,-1973867.5
1246798,0.44676802,-390.59467,-1980581.1
1246814,0.09000003,-384.95984,-1986397.8
1246831,-0.07999998,-384.23984,-1992936.0
1246848,-0.12752,-386.00375,-1999868.2
1246865,-0.20803201,-388.85596,-2006454.5
1246881,-0.3043392,-392.95493,-2012709.0
1246896,-0.4021235,-398.2534,-2018643.0
1246916,-0.5047941,-407.32257,-2026698.8
1246932,-0.5943965,-416.1161,-2033286.2
1246947,-0.6721579,-425.61523,-2039599.2
1246963,-0.69081473,-436.519,-2046496.4
1246982,-0.6620089,-449.37085,-2054912.4
1246999,-0.63672537,-460.4101,-2062645.5
1247016,-0.5695552,-470.66348,-2070559.6
1247031,-0.42125314,-478.09454,-2077675.2
1247048,-0.22027187,-483.54752,-2085849.2
1247064,0.0,-485.3097,-2093600.1
1247081,0.26447996,-483.0616,-2101831.2
1247099,0.85,-476.6386,-2109988.8
1247114,0.87048006,-463.73502,-2117511.8
1247131,0.8587681,-449.0364,-2125270.2
1247148,0.83174086,-434.66708,-2132781.8
1247164,0.76352453,-421.90497,-2139634.2
1247180,0.60659474,-410.944,-2146297.0
1247198,0.4044369,-401.84473,-2153612.0
1247214,0.20314215,-396.9841,-2160002.8
1247231,0.0,-395.2574,-2166736.8
1247248,-0.17552,-396.7493,-2173468.8
1247265,-0.316832,-400.9343,-2180249.0
1247280,-0.44561923,-406.65268,-2186306.0
1247297,-0.5508915,-415.12302,-2193291.0
1247314,-0.626055,-425.12708,-2200433.2
1247332,-0.69115305,-436.98193,-2208192.2
1247349,-0.73021185,-449.06354,-2215723.8
1247363,-0.75364715,-459.45056,-2222083.2
1247381,-0.7237083,-472.74677,-2230473.0
1247398,-0.645745,-484.38712,-2238608.8
1247414,-0.398967,-492.7448,-2246425.8
1247430,-0.10290019,-496.75974,-2254341.8
1247448,0.15473986,-496.29318,-2263279.2
1247464,0.28532392,-492.77267,-2271191.8
1247481,0.32767436,-487.5622,-2279524.5
1247498,0.32908463,-481.97974,-2287765.5
1247514,0.3019308,-476.9316,-2295436.8
1247531,0.6256384,-469.04727,-2303477.5
1247547,0.3518631,-461.22726,-2310919.8
1247564,0.18759786,-456.64185,-2318721.8
1247581,0.0,-455.04727,-2326471.0
1247598,0.0,-455.04727,-2334206.8
1247615,0.0,-455.04727,-2341942.5
1247632,0.0,-455.04727,-2349678.2
1247647,0.0,-455.04727,-2356504.0
1247662,-0.050000012,-455.04727,-2362874.8
1247682,0.0,-455.54727,-2372436.0
1247699,0.0,-455.54727,-2380180.2
1247716,0.0,-455.54727,-2387924.5
1247731,0.0,-455.54727,-2394757.8
1247748,0.0,-455.54727,-2402502.0
1247764,0.0,-455.54727,-2409790.8
1247781,0.0,-455.54727,-2417535.0
1247798,0.0,-455.54727,-2425279.2
1247815,0.0,-455.54727,-2433023.5
1247830,0.0,-455.54727,-2439856.8
1247848,0.0,-455.54727,-2448056.5
1247864,0.0,-455.54727,-2455345.2
1247880,0.0,-455.54727,-2462634.0
1247898,-0.050000012,-455.54727,-2470378.2
1247915,0.0,-455.97226,-2478582.0
1247932,-0.050000012,-455.97226,-2485877.5
1247948,0.0,-456.37225,-2493632.5
1247963,0.0,-456.37225,-2500478.0
1247982,0.0,-456.37225,-2509149.0
1247999,0.0,-456.37225,-2516907.2
1248014,0.0,-456.37225,-2523752.8
1248031,0.0,-456.37225,-2531511.0
1248047,0.0,-456.37225,-2538813.0
1248063,0.0,-456.37225,-2546115.0
1248080,0.0,-456.37225,-2553873.2
1248098,0.0,-456.37225,-2562088.0
1248114,0.0,-456.37225,-2569390.0
1248131,0.0,-456.37225,-2577148.2
1248146,0.0,-456.37225,-2583993.8
1248163,0.0,-456.37225,-2591752.0
1248180,-0.050000012,-456.37225,-2599054.0
1248198,0.0,-456.82227,-2607729.2
1248213,0.0,-456.82227,-2614581.5
1248230,0.0,-456.82227,-2622347.5
1248248,0.0,-456.82227,-2630570.2
1248265,-0.17000002,-456.82227,-2637879.5
1248281,-0.10952001,-459.0584,-2645664.5
1248298,-0.07999998,-460.66904,-2652562.5
1248313,0.0,-461.26904,-2660399.0
1248330,0.0,-461.26904,-2668240.5
1248346,0.0,-461.26904,-2675620.8
1248363,0.0,-461.26904,-2683462.2
1248380,0.0,-461.26904,-2691303.8
1248397,0.0,-461.26904,-2699145.2
1248414,0.0,-461.26904,-2706986.8
1248431,-0.060000002,-461.26904,-2714367.0
1248447,0.0,-461.74905,-2722212.8
1248463,0.0,-461.74905,-2729600.8
1248481,0.0,-461.74905,-2737912.2
1248498,-0.06999999,-461.74905,-2745300.2
1248513,0.0,-462.27405,-2752692.5
1248530,0.0,-462.27405,-2760551.2
1248548,0.0,-462.27405,-2768872.2
1248564,-0.04000002,-462.27405,-2775806.2
1248581,0.00999999,-462.59406,-2783667.8
1248598,0.0,-462.50906,-2791993.8
1248615,0.112479985,-461.55298,-2799848.2
1248631,0.0,-460.65314,-2807226.0
1248649,0.0,-460.65314,-2815517.8
1248665,0.0,-460.65314,-2822888.2
1248682,0.0,-460.65314,-2830719.2
1248699,-0.029999971,-460.65314,-2837629.0
1248713,0.0,-460.86313,-2845001.2
1248731,0.0,-460.86313,-2853296.8
1248747,0.0,-460.86313,-2860670.5
1248764,0.0,-460.86313,-2868505.2
1248780,0.0,-460.86313,-2875879.0
1248797,0.0,-460.86313,-2883713.8
1248814,0.0,-460.86313,-2891548.5
1248831,0.0,-460.86313,-2899383.2
1248847,0.0,-460.86313,-2906757.0
1248864,0.0,-460.86313,-2914591.8
1248882,0.0,-460.86313,-2922887.2
1248898,0.0,-460.86313,-2930261.0
1248915,0.0,-460.86313,-2938095.8
1248931,0.0,-460.86313,-2945469.5
1248947,0.0,-460.86313,-2952843.2
1248964,0.0,-460.86313,-2960678.0
1248981,0.0,-460.86313,-2968512.8
1248998,0.0,-460.86313,-2976347.5
1249015,0.0,-460.86313,-2984182.2
1249032,0.0,-460.86313,-2992017.0
1249047,0.0,-460.86313,-2998930.0
1249064,0.0,-460.86313,-3006764.8
1249081,0.0,-460.86313,-3014599.5
1249097,0.0,-460.86313,-3021973.2
1249114,-0.10752,-461.77704,-3029815.8
1249131,-0.11203201,-463.64322,-3037681.8
1249148,0.0,-464.5955,-3045571.8
1249164,0.0,-464.5955,-3053005.2
1249181,0.0,-464.5955,-3060903.2
1249197,0.0,-464.5955,-3068336.8
1249214,0.0,-464.5955,-3076234.8
1249229,-0.050000012,-464.5955,-3082274.5
1249246,0.0,-465.02048,-3091105.8
1249264,0.0,-465.02048,-3099476.0
1249280,0.0,-465.02048,-3106916.2
1249298,0.0,-465.02048,-3115286.5
1249314,0.0,-465.02048,-3122726.8
1249331,0.0,-465.02048,-3130632.0
1249348,0.0,-465.02048,-3138537.2
1249365,0.0,-465.02048,-3146442.5
1249380,0.0,-465.02048,-3153417.8
1249397,0.0,-465.02048,-3161323.0
1249414,0.0,-465.02048,-3169228.2
1249431,0.0,-465.02048,-3177133.5
1249448,0.0,-465.02048,-3185038.8
1249466,0.0,-465.02048,-3193409.0
1249481,-0.089999974,-465.02048,-3199919.2
1249498,0.0,-465.7855,-3208296.5
1249515,0.0,-465.7855,-3216214.8
1249530,0.0,-465.7855,-3223201.5
1249547,0.0,-465.7855,-3231119.8
1249563,0.0,-465.7855,-3238572.2
1249581,0.0,-465.7855,-3246956.5
1249597,0.0,-465.7855,-3254409.0
1249615,-0.04000002,-465.7855,-3262327.2
1249631,0.0,-466.1055,-3270248.2
1249647,0.0,-466.1055,-3277706.0
1249664,0.0,-466.1055,-3285629.8
1249681,0.0,-466.1055,-3293553.5
1249698,0.0,-466.1055,-3301477.2
1249715,0.0,-466.1055,-3309401.0
1249730,0.0,-466.1055,-3316392.5
1249746,0.0,-466.1055,-3323850.2
1249763,0.0,-466.1055,-3331774.0
1249781,0.0,-466.1055,-3340164.0
1249797,0.0,-466.1055,-3347621.8
1249813,0.0,-466.1055,-3355079.5
1249831,0.0,-466.1055,-3363469.5
1249847,0.0,-466.1055,-3370927.2
1249864,0.0,-466.1055,-3378851.0
1249880,0.0,-466.1055,-3386308.8
1249897,0.0,-466.1055,-3394232.5
1249915,0.0,-466.1055,-3402622.5
1249930,0.0,-466.1055,-3409614.0
1249948,-0.26,-466.1055,-3417537.8
1249965,-0.35152,-471.3034,-3425974.5
1249981,-0.286432,-476.407,-3433556.2
1249997,-0.16737922,-480.0375,-3441207.8
1250016,-0.11194752,-482.6911,-3450353.8
1250031,0.0,-483.5307,-3457600.5
1250048,0.0,-483.5307,-3465820.5
1250063,0.0,-483.5307,-3473073.5
1250082,0.0,-483.5307,-3482260.5
1250099,0.0,-483.5307,-3490480.5
1250113,0.0,-483.5307,-3497250.0
1250130,0.0,-483.5307,-3505470.0
1250148,0.0,-483.5307,-3514173.5
1250164,0.0,-483.5307,-3521910.0
1250180,0.0,-483.5307,-3529646.5
1250198,0.0,-483.5307,-3538350.0
1250213,0.0,-483.5307,-3545603.0
1250231,-0.089999974,-483.5307,-3553823.0
1250247,0.0,-484.2507,-3562049.2
1250263,0.0,-484.2507,-3569797.2
1250281,0.0,-484.2507,-3578513.8
1250297,0.0,-484.2507,-3586261.8
1250314,0.0,-484.2507,-3594494.0
1250331,0.0,-484.2507,-3602242.0
1250347,0.0,-484.2507,-3610474.2
1250364,0.0,-484.2507,-3618706.5
1250381,0.0,-484.2507,-3626938.8
1250399,0.0,-484.2507,-3635655.2
1250415,-0.04000002,-484.2507,-3642434.8
1250432,0.0,-484.5907,-3651638.8
1250447,0.0,-484.5907,-3658907.5
1250464,0.0,-484.5907,-3667145.5
1250480,0.0,-484.5907,-3674899.0
1250497,0.0,-484.5907,-3683137.0
1250514,0.0,-484.5907,-3691375.0
1250531,0.0,-484.5907,-3699613.0
1250550,0.0,-484.5907,-3708820.2
1250564,0.0,-484.5907,-3715604.5
1250580,0.0,-484.5907,-3723358.0
1250597,0.0,-484.5907,-3731596.0
1250614,0.14848,-483.3286,-3739823.2
1250631,0.0,-482.06653,-3748029.0
1250648,0.0,-482.06653,-3756224.2
1250665,-0.04000002,-482.06653,-3763937.2
1250682,0.0,-482.40652,-3772617.5
1250698,0.0,-482.40652,-3780336.0
1250714,0.0,-482.40652,-3788054.5
1250731,0.0,-482.40652,-3796255.5
1250748,0.0,-482.40652,-3804456.5
1250766,-0.060000002,-482.40652,-3812657.5
1250780,0.0,-482.82654,-3819896.8
1250799,0.0,-482.82654,-3829070.5
1250814,-0.029999971,-482.82654,-3835830.0
1250831,-0.01999998,-483.06653,-3844040.0
1250847,0.0,-483.22653,-3852253.5
1250864,0.0,-483.22653,-3860468.2
1250881,0.0,-483.22653,-3868683.0
1250897,0.0,-483.22653,-3876414.5
1250914,-0.01999998,-483.22653,-3884146.0
1250932,-0.04000002,-483.39655,-3892845.5
1250947,0.0,-483.69653,-3900582.2
1250965,0.0,-483.69653,-3909288.8
1250981,-0.029999971,-483.69653,-3916544.2
1250997,0.0,-483.93652,-3924769.2
1251013,0.0,-483.93652,-3932512.2
1251030,0.0,-483.93652,-3940739.2
1251048,-0.029999971,-483.93652,-3948966.2
1251064,0.0,-484.1765,-3957195.2
1251081,0.0,-484.1765,-3965426.2
1251098,0.0,-484.1765,-3973657.2
1251115,0.0,-484.1765,-3981888.2
1251132,0.0,-484.1765,-3990119.2
1251149,0.0,-484.1765,-3998350.2
1251163,0.0,-484.1765,-4005128.8
1251180,0.0,-484.1765,-4013359.8
1251198,0.0,-484.1765,-4022075.0
1251215,0.0,-484.1765,-4030306.0
1251231,0.0,-484.1765,-4038052.8
1251248,0.0,-484.1765,-4046283.8
1251264,0.0,-484.1765,-4054030.5
1251280,0.0,-484.1765,-4061777.2
1251296,0.0,-484.1765,-4069524.0
1251315,-0.04000002,-484.1765,-4078239.2
1251330,0.0,-484.4765,-4085988.5
1251347,0.0,-484.4765,-4094224.5
1251363,0.0,-484.4765,-4101976.0
1251380,0.0,-484.4765,-4110212.0
1251393,-0.00999999,-484.4765,-4116025.8
1251411,-0.029999971,-484.5615,-4124747.0
1251433,0.0,-484.89148,-4135895.8
1251450,0.0,-484.89148,-4144139.0
1251467,-0.029999971,-484.89148,-4151897.2
1251483,0.0,-485.13147,-4160142.5
1251499,0.0,-485.13147,-4167904.5
1251517,0.0,-485.13147,-4176636.8
1251533,0.0,-485.13147,-4184398.8
1251550,0.0,-485.13147,-4192646.0
1251567,0.0,-485.13147,-4200893.0
1251583,0.0,-485.13147,-4208655.0
1251600,0.0,-485.13147,-4216902.0
1251618,-0.01999998,-485.13147,-4225149.0
1251634,0.0,-485.29147,-4233397.5
1251651,0.0,-485.29147,-4241647.5
1251668,0.0,-485.29147,-4249897.5
1251683,0.0,-485.29147,-4257177.0
1251700,0.0,-485.29147,-4265427.0
1251716,0.0,-485.29147,-4273191.5
1251733,0.0,-485.29147,-4281441.5
1251751,-0.01999998,-485.29147,-4289691.5
1251767,-0.01999998,-485.44147,-4297457.5
1251783,0.0,-485.60147,-4305711.5
1251800,0.0,-485.60147,-4313966.5
1251816,0.0,-485.60147,-4321736.0
1251834,0.0,-485.60147,-4330477.0
1251851,-0.01999998,-485.60147,-4338246.5
1251866,0.0,-485.75146,-4346017.5
1251883,0.0,-485.75146,-4354275.5
1251900,0.0,-485.75146,-4362533.5
1251915,0.0,-485.75146,-4369820.0
1251932,0.0,-485.75146,-4378078.0
1251950,0.0,-485.75146,-4386821.5
1251967,0.0,-485.75146,-4395079.5
1251982,0.0,-485.75146,-4402366.0
1251999,0.0,-485.75146,-4410624.0
1252016,0.0,-485.75146,-4418882.0
1252032,0.0,-485.75146,-4426654.0
1252048,0.0,-485.75146,-4434426.0
1252066,0.0,-485.75146,-4443169.5
1252082,0.0,-485.75146,-4450941.5
1252099,0.0,-485.75146,-4459199.5
1252117,-0.01999998,-485.75146,-4467457.5
1252134,-0.029999971,-485.91147,-4475716.5
1252150,0.0,-486.15146,-4483979.0
1252166,0.0,-486.15146,-4491757.5
1252182,0.0,-486.15146,-4499536.0
1252200,-0.01999998,-486.15146,-4507800.5
1252216,0.0,-486.31146,-4516066.5
1252233,0.0,-486.31146,-4524334.0
1252250,0.0,-486.31146,-4532601.5
1252267,0.0,-486.31146,-4540869.0
1252282,0.0,-486.31146,-4548163.5
1252300,0.0,-486.31146,-4556917.0
1252317,0.0,-486.31146,-4565184.5
1252334,0.0,-486.31146,-4573452.0
1252351,0.0,-486.31146,-4581719.5
1252365,0.0,-486.31146,-4588528.0
1252382,0.0,-486.31146,-4596795.5
1252399,0.0,-486.31146,-4605063.0
1252417,0.0,-486.31146,-4613816.5
1252434,0.0,-486.31146,-4622084.0
1252449,0.0,-486.31146,-4629378.5
1252466,0.0,-486.31146,-4637646.0
1252483,0.0,-486.31146,-4645913.5
1252500,0.0,-486.31146,-4654181.0
1252517,0.0,-486.31146,-4662448.5
1252533,0.0,-486.31146,-4670229.5
1252550,0.112479985,-485.35538,-4678488.5
1252567,0.467968,-480.42157,-4686697.5
1252583,0.5572608,-472.21973,-4694318.5
1252598,0.5,-464.029,-4701340.5
1252615,0.36138192,-456.41113,-4709164.0
1252632,0.20530917,-451.59427,-4716882.0
1252650,0.0,-449.7465,-4724994.0
1252667,-0.12352001,-450.79642,-4732648.5
1252684,-0.261632,-454.07022,-4740340.0
1252699,-0.3884992,-458.9462,-4747187.5
1252716,-0.5206196,-466.6737,-4755055.5
1252733,-0.6638918,-476.74207,-4763074.5
1252750,-0.76985514,-488.92892,-4771282.5
1252765,-0.8134332,-500.8036,-4778705.5
1252783,-0.79157996,-515.2487,-4787850.0
1252800,-0.60646796,-527.13214,-4796710.0
1252817,-0.27540076,-534.62805,-4805735.0
1252833,0.13923952,-535.71735,-4814298.0
1252850,0.5480237,-529.8756,-4823355.5
1252867,0.7612942,-518.7464,-4832269.0
1252885,0.83000004,-505.5327,-4840975.5
1252899,0.74648005,-494.49734,-4848475.5
1252917,0.600368,-482.3757,-4857267.5
1252934,0.4167008,-473.73062,-4865394.5
1252950,0.21050051,-468.713,-4872934.0
1252965,0.0,-467.13425,-4879953.0
1252984,-0.16752002,-468.72568,-4888843.5
1253000,-0.324032,-472.65808,-4896374.5
1253015,-0.46993923,-478.61285,-4903509.0
1253034,-0.60948354,-488.86737,-4912700.0
1253051,-0.7172102,-500.14426,-4921106.5
1253065,-0.7618461,-510.49765,-4928181.0
1253085,-0.75262773,-525.6424,-4938542.5
1253100,-0.59909666,-535.78033,-4946503.0
1253116,-0.302978,-542.99695,-4955133.0
1253133,0.0,-545.57227,-4964386.0
1253150,0.36847997,-542.4402,-4973634.0
1253167,0.58556795,-534.33075,-4982786.5
1253183,0.6598208,-524.3676,-4991256.0
1253200,0.6403725,-513.316,-5000076.5
1253217,0.5647035,-503.07285,-5008716.0
1253233,0.4473021,-494.9768,-5016700.5
1253250,0.3088613,-488.5494,-5025060.5
1253267,0.16179676,-484.54883,-5033332.0
1253284,0.0,-483.17355,-5041557.5
1253300,-0.13152,-484.2257,-5049296.5
1253318,-0.25443202,-487.69928,-5058044.0
1253332,-0.3721792,-492.08557,-5064902.5
1253349,-0.48282754,-499.35312,-5073329.5
1253367,-0.57321656,-508.8575,-5082403.5
1253382,-0.60344994,-517.6825,-5090102.5
1253399,-0.58158994,-527.7553,-5098988.5
1253416,-0.49647397,-536.9188,-5108038.0
1253432,-0.3694044,-543.8458,-5116684.0
1253452,-0.17716265,-549.3115,-5127615.5
1253465,0.0,-550.4631,-5134764.0
1253483,0.20847999,-548.58673,-5144655.5
1253499,0.38156796,-543.86633,-5153395.0
1253516,0.54142076,-536.02094,-5162574.0
1253533,0.6333325,-526.0355,-5171601.5
1253549,0.6364795,-515.877,-5179937.0
1253566,0.5543677,-505.75482,-5188621.0
1253583,0.17999995,-498.0471,-5196651.5
1253601,-0.050000012,-496.5171,-5205602.5
1253618,-0.117520005,-497.941,-5214552.5
1253634,-0.22203201,-500.65744,-5222541.5
1253652,-0.32873923,-505.61438,-5231598.0
1253667,-0.4287635,-511.29565,-5239225.0
1253685,-0.5487782,-520.0935,-5248507.5
1253701,-0.6527869,-529.70605,-5256906.0
1253718,-0.7031922,-541.2319,-5266009.0
1253736,-0.66999996,-553.1372,-5275311.0
1253752,-0.61752,-563.4374,-5284802.0
1253768,-0.522032,-572.5538,-5293890.0
1253785,-0.40073922,-580.39734,-5303690.0
1253802,-0.25596353,-585.9793,-5313604.0
1253819,0.0,-588.155,-5323584.0
1253834,0.23248,-586.41144,-5332393.0
1253853,0.46796802,-579.7572,-5343471.5
1253868,0.6452608,-571.40796,-5352105.0
1253885,0.7636365,-559.4323,-5361717.0
1253902,0.8186619,-545.9828,-5371113.0
1253918,0.7956772,-533.06805,-5379745.5
1253935,0.70588636,-520.30475,-5388699.0
1253952,0.5400118,-509.7146,-5397454.0
1253968,0.3604871,-502.51062,-5405552.0
1253985,0.16477227,-498.04593,-5414056.5
1254002,0.0,-496.64536,-5422511.5
1254018,-0.18352,-498.11353,-5430469.5
1254035,-0.66999996,-502.57074,-5438475.0
1254049,-0.74952,-512.5074,-5446088.0
1254068,-0.869232,-527.88556,-5455971.5
1254085,-0.95705926,-543.40906,-5465077.5
1254101,-1.0017556,-559.0796,-5473897.5
1254119,-1.0285734,-577.35254,-5484125.5
1254134,-1.0046641,-592.6018,-5492900.0
1254151,-0.85831845,-608.43713,-5503109.0
1254168,-0.5465111,-620.3782,-5513554.0
1254185,0.59000003,-625.6737,-5523522.5
1254202,0.65448,-615.09564,-5534689.5
1254218,0.95316803,-602.23444,-5544428.0
1254235,1.26,-586.03,-5553934.0
1254252,1.1700001,-566.1542,-5563727.5
1254270,1.07448,-545.95386,-5574292.5
1254284,0.93316805,-531.9003,-5581837.5
1254302,0.6803809,-517.3784,-5591281.0
1254318,0.41270855,-508.6337,-5599489.0
1254335,0.15610513,-503.79877,-5608094.5
1254352,0.0,-502.47186,-5616648.0
1254369,-0.55,-504.08826,-5624197.0
1254386,-0.62152004,-514.0462,-5633869.5
1254403,-0.7164321,-525.4188,-5642705.0
1254418,-0.8013793,-536.8024,-5650671.5
1254436,-0.92,-550.0322,-5659366.0
1254451,-0.93952,-563.97864,-5668835.0
1254469,-0.967232,-581.1394,-5679141.0
1254486,-0.92385924,-597.2137,-5689157.0
1254501,-0.6858356,-609.2864,-5698206.0
1254517,-0.31902137,-617.32526,-5708019.0
1254534,0.23706713,-618.02185,-5718519.5
1254553,1.5,-601.5197,-5730105.0
1254568,1.3900001,-580.7963,-5738381.0
1254585,1.2864802,-558.04626,-5748630.5
1254601,1.1123681,-538.85547,-5757405.5
1254618,0.58000004,-522.7573,-5765898.5
1254635,0.24000001,-514.4975,-5774715.0
1254651,0.14048001,-511.45364,-5783435.5
1254668,-0.19,-510.3298,-5791610.0
1254684,-0.23752001,-513.74994,-5800314.5
1254701,-0.310032,-518.4041,-5809088.0
1254718,-0.52,-524.03265,-5817427.5
1254735,-0.65999997,-532.7968,-5826410.5
1254753,-0.75,-544.3187,-5836104.5
1254768,-0.74952006,-555.5651,-5844903.5
1254785,-0.74923205,-568.3045,-5854456.5
1254802,-0.76505923,-581.17596,-5864227.0
1254819,-0.7985556,-594.4667,-5874220.0
1254836,-0.8106534,-608.14496,-5884442.0
1254853,-0.51,-619.5492,-5893649.5
1254867,-0.31351998,-625.31384,-5903608.5
1254886,0.0,-628.2923,-5915518.0
1254900,0.41647997,-625.37695,-5924293.5
1254920,0.658368,-614.6285,-5936693.5
1254934,0.7675008,-604.6474,-5945228.5
1254952,0.99,-590.9073,-5955390.5
1254968,0.95000005,-576.1737,-5964727.0
1254984,0.87448,-561.5779,-5974398.0
1255001,0.685168,-548.32086,-5983832.0
1255019,0.44358084,-538.1621,-5993610.5
1255034,0.2146285,-533.2255,-6001646.0
1255052,-0.25,-531.4012,-6010695.5
1255068,-0.29352003,-535.7493,-6019766.5
1255084,-0.37563205,-541.10254,-6028381.5
1255102,-0.48089927,-548.81134,-6038190.5
1255119,-0.56005955,-557.6595,-6047595.5
1255135,-0.60755575,-567.0004,-6056593.0
1255152,-0.6320535,-577.5371,-6066321.5
1255167,-0.6627521,-587.24817,-6075057.5
1255184,-0.7051713,-598.8755,-6085139.5
1255201,-0.7426228,-611.18176,-6095425.0
1255218,-0.73309374,-623.72534,-6105921.5
1255236,-0.6353763,-636.04156,-6117259.5
1255251,-0.4207458,-643.96246,-6126859.5
1255267,0.0,-647.3284,-6137190.0
1255284,0.36047998,-644.26434,-6148168.5
1255302,0.65676796,-635.10913,-6159683.0
1255317,0.8105408,-624.1043,-6169127.0
1255335,0.85080445,-609.1522,-6180226.5
1255352,0.8429627,-594.7552,-6190459.5
1255367,0.79825765,-582.44604,-6199288.5
1255385,0.6754346,-569.1828,-6209653.0
1255401,0.4777408,-559.9574,-6218686.0
1255418,0.25512448,-553.728,-6228152.5
1255434,0.0,-551.687,-6236996.0
1255451,-0.11551999,-552.66895,-6246383.0
1255469,-0.23283198,-555.80414,-6256359.5
1255485,-0.3552192,-560.50854,-6265290.0
1255502,-0.45665154,-567.4094,-6274877.5
1255517,-0.5335109,-574.83563,-6283444.5
1255534,-0.5876266,-584.3653,-6293297.5
1255553,-0.64,-594.5629,-6303318.5
1255568,-0.65152,-604.2493,-6313508.5
1255586,-0.65443206,-616.00287,-6324491.0
1255601,-0.65217924,-625.8024,-6333804.5
1255618,-0.6148276,-636.57196,-6344534.5
1255635,-0.27999997,-645.42993,-6354790.5
1255654,-0.10752,-649.1114,-6367736.0
1255668,0.15196797,-648.80023,-6376821.5
1255685,0.4996608,-643.2614,-6387804.0
1255701,0.7842765,-632.9899,-6398014.0
1255718,1.0999999,-619.45935,-6408033.5
1255735,1.03248,-601.33325,-6419020.5
1255753,0.83000004,-584.49945,-6429100.0
1255767,0.78248006,-573.2121,-6437783.0
1255784,0.46000004,-561.0023,-6447424.0
1255802,0.43286088,-551.2209,-6457434.0
1255819,-0.17000002,-546.2204,-6466213.5
1255836,-0.23752001,-549.6843,-6476076.5
1255852,-0.34203202,-554.32074,-6484908.5
1255869,-0.46073925,-561.1443,-6494390.0
1255886,-0.77,-569.0096,-6502866.0
1255903,-0.80152005,-582.3675,-6513804.0
1255918,-0.81243205,-594.4721,-6522630.5
1255935,-0.79097927,-608.1011,-6532852.5
1255953,-0.7861076,-622.29486,-6543926.0
1255970,-0.81118464,-635.8718,-6554620.5
1255984,-0.8262309,-647.33374,-6563603.0
1256001,-0.8192586,-661.3204,-6574726.5
1256019,-0.7070752,-675.0574,-6586754.0
1256036,-0.4757651,-685.1115,-6598315.5
1256052,0.0,-688.9176,-6609307.5
1256069,0.43247995,-685.2415,-6620988.0
1256084,0.783968,-676.11816,-6631198.0
1256102,0.9548608,-660.4687,-6643227.5
1256119,0.9613965,-644.1805,-6654317.0
1256135,0.917318,-629.15076,-6664503.5
1256152,0.8628708,-614.01917,-6675070.5
1256169,0.64,-600.89056,-6684790.0
1256185,0.50048,-591.7667,-6694927.5
1256202,0.32476804,-584.75214,-6704928.0
1256220,0.107340835,-580.86316,-6715418.5
1256234,0.0,-580.11176,-6723545.5
1256253,-0.20352001,-582.04517,-6734586.0
1256268,-0.373632,-586.3738,-6743349.0
1256285,-0.52769923,-594.0351,-6753382.5
1256303,-0.6441395,-604.58167,-6764170.0
1256318,-0.84000003,-614.0887,-6772700.5
1256334,-0.8275201,-627.42883,-6783253.5
1256351,-0.8000321,-641.263,-6794037.5
1256369,-0.71000004,-654.58734,-6805052.0
1256385,-0.66952,-665.6235,-6816274.0
1256402,-0.557232,-676.05084,-6827678.0
1256419,-0.04000002,-683.40356,-6838553.5
1256435,0.35000002,-683.70355,-6849490.5
1256451,0.50648004,-676.8517,-6861055.0
1256469,0.688368,-666.098,-6873141.5
1256485,0.7855008,-654.30707,-6883704.5
1256502,0.8117805,-640.73016,-6894712.5
1256515,0.8355483,-630.0225,-6902972.5
1256526,0.86,-621.63574,-6909231.0
1256563,0.71248007,-592.54486,-6932300.5
1256578,0.52396804,-583.2715,-6941119.0
1256597,0.30286083,-575.4166,-6952126.5
1256612,0.1061965,-572.3487,-6960734.5
1256628,0.0,-571.49915,-6969885.5
1256646,-0.17952,-573.1148,-6980187.0
1256662,-0.34723204,-577.3288,-6989390.5
1256678,-0.49585927,-584.07355,-6998681.5
1256695,-0.6210356,-593.56714,-7008691.5
1256712,-0.71614134,-604.93317,-7018879.0
1256728,-0.76120484,-616.75195,-7028652.5
1256745,-0.76024294,-629.68427,-7039247.0
1256762,-0.7436658,-642.46747,-7050060.5
1256778,-0.68971956,-653.9346,-7060431.5
1256795,-0.57735175,-664.70465,-7071640.0
1256813,-0.38993105,-673.4102,-7083683.0
1256830,0.22000003,-677.8215,-7094493.0
1256845,0.32848004,-673.7079,-7105305.0
1256863,0.565568,-665.66144,-7117359.5
1256879,0.7238208,-655.3463,-7127927.5
1256897,0.87,-642.5063,-7138959.0
1256913,0.80999994,-630.5189,-7148506.5
1256928,0.80248,-618.4253,-7159122.5
1256947,0.76996803,-603.48706,-7170730.5
1256962,0.6664608,-592.71387,-7179702.0
1256979,0.5003565,-582.7959,-7189694.0
1256995,0.32069388,-576.2275,-7198966.0
1257012,0.14889634,-572.23596,-7208728.0
1257028,0.0,-571.0448,-7217874.0
1257046,-0.16352,-572.5165,-7228166.0
1257062,-0.30163202,-576.2377,-7237356.0
1257079,-0.63,-582.1107,-7246623.0
1257096,-0.6735201,-593.1906,-7257200.5
1257112,-0.70763206,-604.2398,-7266780.0
1257129,-0.71609926,-616.34155,-7277155.0
1257147,-0.68,-628.4224,-7287735.5
1257163,-0.66752005,-639.2026,-7298510.5
1257177,-0.64003205,-648.35547,-7307523.5
1257195,-0.5715393,-659.2596,-7319292.0
1257212,-0.4624436,-668.04846,-7330574.0
1257225,-0.32898617,-673.19275,-7339292.0
1257246,-0.1449117,-678.1687,-7353481.5
1257264,0.40999997,-679.40045,-7365021.0
1257280,0.48248,-672.2606,-7376510.0
1257295,0.577968,-664.30725,-7386534.5
1257312,0.66726077,-653.7228,-7397738.0
1257329,0.75283647,-641.652,-7408748.5
1257346,0.7921819,-628.51935,-7419545.0
1257362,0.77978915,-615.9436,-7429500.5
1257380,0.7003535,-602.6223,-7440467.5
1257395,0.5806921,-593.01447,-7449435.0
1257412,0.40889528,-584.60297,-7459444.5
1257429,0.21781717,-579.27594,-7469337.5
1257445,0.0,-577.5334,-7478592.0
1257462,-0.38,-578.74554,-7487842.0
1257479,-0.42752,-585.60944,-7498321.0
1257496,-0.50003207,-593.49365,-7508343.5
1257512,-0.59153926,-602.2262,-7517909.5
1257527,-0.6624436,-611.63104,-7527013.5
1257547,-0.74,-624.5076,-7538757.0
1257563,-0.7,-635.544,-7548837.5
1257579,-0.67952,-646.58014,-7559735.5
1257596,-0.651232,-657.89154,-7570823.5
1257613,-0.61425924,-668.6482,-7582099.0
1257630,-0.5360756,-678.426,-7593549.0
1257645,-0.3971654,-685.42535,-7603778.0
1257664,-0.16181922,-690.7357,-7616851.5
1257681,0.12738848,-691.0284,-7628596.5
1257696,0.38891307,-687.1561,-7638933.0
1257713,0.5498278,-679.1768,-7650547.0
1257728,0.6383767,-670.26526,-7660668.0
1257746,0.703506,-658.1883,-7672624.0
1257763,0.7665836,-645.6925,-7683707.0
1257779,0.77643013,-633.3484,-7693939.5
1257796,0.6983381,-620.81287,-7704600.0
1257812,0.5434829,-610.8783,-7714453.5
1257828,0.35856974,-603.66187,-7724170.0
1257845,0.17162183,-599.1552,-7734394.0
1257862,0.0,-597.6964,-7744567.0
1257879,-0.14352001,-598.9163,-7754738.0
1257896,-0.269632,-602.4281,-7764949.5
1257913,-0.3892992,-608.029,-7775238.5
1257929,-0.5010995,-615.15216,-7785024.0
1257946,-0.5921798,-624.445,-7795560.5
1257963,-0.63482785,-634.8746,-7806264.5
1257980,-0.6564167,-645.85016,-7817150.5
1257995,-0.6573701,-655.70355,-7826912.0
1258014,-0.63,-666.81573,-7838153.5
1258029,-0.59752,-676.02216,-7849567.5
1258048,-0.474032,-686.2019,-7862508.5
1258062,-0.31593922,-691.7317,-7872154.0
1258079,-0.12908356,-695.5144,-7883945.5
1258096,0.0,-696.61163,-7895778.5
1258112,0.19648,-695.0398,-7906911.5
1258129,0.62,-690.601,-7917996.5
1258147,0.64,-679.98895,-7930332.0
1258163,0.75,-670.0853,-7941132.5
1258179,0.79048,-657.7615,-7952419.0
1258197,0.83000004,-644.1849,-7963485.5
1258212,0.76248,-632.2413,-7973697.0
1258229,0.645968,-620.2695,-7984343.5
1258246,0.23000002,-611.2612,-7994195.5
1258264,0.08000004,-607.8572,-8005167.5
1258279,0.0,-607.2572,-8014888.5
1258297,0.0,-607.2572,-8025819.0
1258313,-0.14752,-608.4374,-8035544.5
1258330,-0.28403202,-612.1056,-8045919.0
1258347,-0.3979392,-617.90234,-8056374.0
1258362,-0.49428356,-624.594,-8065692.5
1258378,-0.57209015,-633.125,-8075754.5
1258396,-0.6227741,-643.8788,-8087247.5
1258413,-0.65318453,-654.7244,-8098285.5
1258429,-0.6634307,-665.2573,-8108845.5
1258446,-0.65757847,-676.4859,-8120250.5
1258462,-0.6220671,-686.7231,-8131156.0
1258479,-0.5367603,-696.5731,-8142914.0
1258496,-0.37757617,-704.345,-8154822.0
1258513,-0.15806574,-708.89795,-8166834.5
1258529,0.0,-710.1625,-8178187.0
1258546,0.24847999,-708.0504,-8190242.0
1258562,0.437568,-702.562,-8201527.0
1258579,0.5670208,-694.023,-8213398.0
1258596,0.63269246,-683.82544,-8225109.5
1258613,0.6640955,-672.80273,-8236641.0
1258629,0.6829373,-662.0265,-8247319.5
1258646,0.66624236,-650.5585,-8258476.5
1258663,0.58022547,-639.9635,-8269446.0
1258680,0.40461528,-631.59235,-8280254.0
1258695,0.2072492,-627.00336,-8289693.5
1258712,0.0,-625.24176,-8300337.5
1258729,-0.14352001,-626.4617,-8310977.0
1258746,-0.265632,-629.93945,-8321656.5
1258762,-0.3868992,-635.1597,-8331777.5
1258779,-0.49165955,-642.6275,-8342638.5
1258795,-0.56251574,-651.0609,-8352988.0
1258813,-0.59702945,-661.4968,-8364801.0
1258828,-0.6137377,-670.5776,-8374791.5
1258846,-0.61176264,-681.60706,-8386961.0
1258863,-0.60657763,-691.96295,-8398636.0
1258878,-0.5754666,-700.8283,-8409082.0
1258896,-0.50479996,-710.5507,-8421784.0
1258913,-0.41039997,-718.3299,-8433929.0
1258930,-0.24176,-723.8732,-8446188.0
1258944,0.0,-725.56555,-8456334.0
1258963,0.24847999,-723.205,-8470097.0
1258980,0.50156796,-716.8296,-8482337.0
1258996,0.66142076,-707.5257,-8493732.0
1259013,0.70533246,-695.90826,-8505661.0
1259030,0.6996795,-683.96564,-8517390.0
1259045,0.6922877,-673.5259,-8527571.0
1259062,0.66385263,-661.99866,-8538923.0
1259079,0.5907916,-651.33417,-8550086.0
1259095,0.45095497,-643.0002,-8560441.0
1259112,0.271053,-636.8631,-8571320.0
1259129,0.0,-634.55914,-8582127.0
1259145,-0.13552,-635.6433,-8592289.0
1259162,-0.26483202,-639.0463,-8603124.0
1259179,-0.3864192,-644.582,-8614035.0
1259196,-0.49537152,-652.0772,-8625057.0
1259212,-0.5847429,-660.71814,-8635559.0
1259229,-0.64636576,-671.18256,-8646880.0
1259245,-0.6993395,-681.9482,-8657705.0
1259262,-0.7191237,-694.0051,-8669401.0
1259279,-0.71899426,-706.2291,-8681303.0
1259296,-0.6949166,-718.2474,-8693411.0
1259312,-0.62447,-728.8025,-8704987.0
1259329,-0.458202,-738.0052,-8717455.0
1259346,-0.19844118,-743.5867,-8730049.0
1259363,0.0,-745.27344,-8742704.0
1259380,0.28848,-742.82135,-8755353.0
1259395,0.481568,-737.046,-8766452.0
1259412,0.6094208,-727.77264,-8778903.0
1259429,0.35813248,-719.54846,-8791205.0
1259445,0.5313595,-712.43256,-8802661.0
1259462,0.6032957,-702.78796,-8814690.0
1259479,0.6664574,-691.99506,-8826546.0
1259495,0.60835445,-681.7966,-8837536.0
1259513,0.43349266,-672.4199,-8849724.0
1259529,0.2525756,-666.9314,-8860439.0
1259546,0.0,-664.7845,-8871759.0
1259563,-0.11551999,-665.7664,-8883069.0
1259580,-0.228832,-668.6934,-8894412.0
1259596,-0.33681923,-673.2186,-8905147.0
1259613,-0.43761158,-679.8013,-8916648.0
1259630,-0.53808695,-688.0947,-8928275.0
1259646,-0.6223722,-697.3784,-8939359.0
1259655,-0.73,-702.5757,-8944959.0
1259663,-0.73,-707.712,-8950600.0
1259716,-0.66152,-744.5873,-8989812.0
1259733,-0.560432,-754.9739,-9002558.0
1259748,-0.4477792,-762.53546,-9013939.0
1259766,-0.32018754,-769.44714,-9027727.0
1259783,-0.15563253,-773.49164,-9040842.0
1259799,0.0,-774.7367,-9053228.0
1259815,0.28448,-772.4609,-9065606.0
1259833,0.507168,-765.33606,-9079446.0
1259849,0.6447808,-756.1205,-9091618.0
1259866,0.7273485,-744.4574,-9104373.0
1259883,0.7928891,-731.5354,-9116919.0
1259900,0.7682135,-718.26605,-9129242.0
1259915,0.53999996,-708.1467,-9139227.0
1259933,0.41248,-699.5744,-9152600.0
1259948,0.23996802,-694.681,-9163057.0
1259965,0.0,-692.6413,-9174849.0
1259984,-0.10352,-693.62476,-9188019.0
1259999,-0.20963201,-695.9734,-9198441.0
1260016,-0.30529922,-700.3503,-9210310.0
1260033,-0.41069955,-706.4363,-9222268.0
1260048,-0.5059398,-713.3111,-9232916.0
1260065,-0.58308387,-722.5678,-9245121.0
1260083,-0.64137036,-733.5879,-9258226.0
1260100,-0.66834223,-744.72046,-9270792.0
1260115,-0.6605254,-754.68695,-9282038.0
1260131,-0.63983524,-765.08984,-9294196.0
1260149,-0.57942116,-776.0632,-9308066.0
1260165,-0.4791727,-784.5319,-9320551.0
1260183,-0.27502364,-791.3197,-9334734.0
1260200,0.0,-793.6574,-9348206.0
1260216,0.19648,-792.0856,-9360892.0
1260233,0.33836797,-787.53937,-9374319.0
1260250,0.4395008,-780.9275,-9387651.0
1260267,0.5521805,-772.49817,-9400855.0
1260283,0.69978833,-762.4824,-9413135.0
1260300,0.80835307,-749.6632,-9425988.0
1260315,0.79349184,-737.64935,-9437143.0
1260334,0.65657514,-723.8737,-9451027.0
1260349,0.47042513,-715.4212,-9461822.0
1260365,0.29873505,-709.26794,-9473220.0
1260383,0.12772103,-705.4298,-9485952.0
1260400,0.0,-704.3442,-9497935.0
1260416,-0.15552,-705.5883,-9509214.0
1260432,-0.29283202,-709.1751,-9520532.0
1260449,-0.42321923,-715.26154,-9532640.0
1260465,-0.52945155,-722.8829,-9544145.0
1260481,-0.61719096,-732.056,-9555785.0
1260499,-0.67783463,-743.71124,-9569067.0
1260515,-0.7102208,-754.8157,-9581055.0
1260533,-0.7296525,-767.77454,-9594758.0
1260549,-0.7093115,-779.28625,-9607134.0
1260566,-0.63310695,-790.69684,-9620479.0
1260583,-0.4553842,-799.94904,-9633999.0
1260600,-0.20875055,-805.5942,-9647646.0
1260615,0.0,-807.1598,-9659742.0
1260632,0.31247997,-804.5037,-9673441.0
1260650,0.51596797,-797.04767,-9687855.0
1260667,0.6220608,-787.37445,-9701323.0
1260682,0.7057165,-777.41614,-9713059.0
1260701,0.7839099,-763.2647,-9727695.0
1260715,0.802826,-752.15753,-9738303.0
1260732,0.71017563,-739.297,-9750980.0
1260750,0.5265854,-728.16614,-9764187.0
1260766,0.33643124,-721.262,-9775782.0
1260782,0.17833874,-717.14386,-9787289.0
1260798,0.0,-715.71716,-9798752.0
1260815,-0.10752,-716.6311,-9810927.0
1260831,-0.228032,-719.3155,-9822415.0
1260849,-0.35633922,-724.5748,-9835410.0
1260865,-0.46932358,-731.1801,-9847056.0
1260882,-0.5611142,-739.93884,-9859561.0
1260900,-0.6401886,-750.75055,-9872977.0
1260917,-0.76,-761.40515,-9885074.0
1260933,-0.76352,-773.5933,-9898121.0
1260950,-0.71000004,-784.94196,-9909810.0
1260967,-0.6655201,-796.63385,-9924835.0
1260981,-0.58683205,-805.4003,-9936049.0
1261000,-0.43961924,-815.1516,-9951444.0
1261015,-0.21929157,-820.09344,-9963708.0
1261032,0.0,-821.9574,-9977665.0
1261049,0.29648,-819.4373,-9991617.0
1261065,0.534368,-812.7905,-1.0004675E7
1261082,0.6811008,-802.45905,-1.0018405E7
1261099,0.76114047,-790.2,-1.0031943E7
1261115,0.79316425,-777.76556,-1.0044487E7
1261131,0.7523786,-765.40125,-1.0056832E7
1261149,0.53,-753.4308,-1.0069742E7
1261166,0.26999998,-745.74695,-1.0082485E7
1261182,0.20248,-741.9671,-1.0095131E7
1261198,0.101968,-739.5315,-1.0106983E7
1261215,0.0,-738.6648,-1.0119548E7
1261233,-0.15952,-740.10046,-1.0132857E7
1261249,-0.303232,-743.8025,-1.0144728E7
1261266,-0.43345922,-750.0644,-1.0157426E7
1261283,-0.54359555,-758.3694,-1.0170248E7
1261298,-0.62967736,-767.16895,-1.018169E7
1261315,-0.68132645,-778.3125,-1.0194827E7
1261332,-0.70031595,-790.05646,-1.0208158E7
1261350,-0.6957096,-802.62067,-1.0222492E7
1261365,-0.6769458,-812.9156,-1.0234609E7
1261382,-0.6296875,-824.022,-1.0248523E7
1261399,-0.50933254,-833.7036,-1.0262614E7
1261415,-0.28911957,-840.09125,-1.0276004E7
1261432,0.0,-842.54877,-1.0290306E7
1261449,0.30848,-839.9267,-1.0304607E7
1261465,0.581568,-832.80634,-1.0317989E7
1261482,0.7174208,-821.76495,-1.0332053E7
1261498,0.7349325,-810.1461,-1.0345108E7
1261515,0.7374395,-797.631,-1.0358774E7
1261532,0.7389437,-785.0817,-1.0372227E7
1261549,0.6798462,-773.02203,-1.0385471E7
1261565,0.5363878,-763.2922,-1.0397762E7
1261583,0.100000024,-755.6532,-1.0410673E7
1261599,0.0,-754.8532,-1.0423512E7
1261616,0.0,-754.8532,-1.0436345E7
1261633,-0.13152,-755.9711,-1.0449187E7
1261652,-0.274432,-759.8277,-1.0463587E7
1261664,-0.3921792,-763.8274,-1.0472729E7
1261682,-0.50682753,-771.91846,-1.0486551E7
1261698,-0.61561656,-780.898,-1.0498974E7
1261715,-0.68889,-791.9863,-1.0512344E7
1261731,-0.712854,-803.20026,-1.0525105E7
1261749,-0.7032324,-815.945,-1.0539677E7
1261766,-0.6814595,-827.7149,-1.0553648E7
1261782,-0.60439575,-838.0018,-1.0566974E7
1261799,-0.49815744,-847.3735,-1.05813E7
1261816,-0.28641447,-854.04236,-1.0595762E7
1261832,0.0,-856.3337,-1.0609445E7
1261849,0.15648,-855.0036,-1.0623991E7
1261866,0.31836802,-850.9674,-1.0638492E7
1261882,0.48750082,-844.52045,-1.0652056E7
1261898,0.6249805,-835.6206,-1.0665497E7
1261916,0.71146834,-823.5926,-1.068043E7
1261932,0.739361,-811.98596,-1.0693515E7
1261949,0.70809656,-799.68256,-1.0707214E7
1261966,0.61333793,-788.4504,-1.0720713E7
1261981,0.49248278,-780.15674,-1.0732478E7
1262000,0.33996966,-772.2484,-1.0747226E7
1262015,0.18446179,-768.3152,-1.075878E7
1262032,0.0,-766.74725,-1.0771828E7
1262049,-0.11151999,-767.6952,-1.0784871E7
1262067,-0.23043199,-770.77277,-1.0798717E7
1262081,-0.33377922,-774.7222,-1.0809535E7
1262098,-0.43178752,-781.22955,-1.0822761E7
1262115,-0.51859254,-789.3078,-1.0836111E7
1262132,-0.59867555,-798.80457,-1.084961E7
1262149,-0.64672536,-809.3905,-1.086328E7
1262165,-0.6675552,-819.9047,-1.0876314E7
1262182,-0.66805315,-831.2574,-1.0890349E7
1262199,-0.64435196,-842.41284,-1.0904575E7
1262214,-0.59413123,-851.7015,-1.0917281E7
1262232,-0.41599876,-860.79266,-1.0932693E7
1262248,-0.17311925,-865.5056,-1.0946503E7
1262266,0.6,-865.91797,-1.096122E7
1262282,0.63648003,-856.0261,-1.0975857E7
1262299,0.646368,-845.1219,-1.0990317E7
1262316,0.66430086,-833.9812,-1.1004589E7
1262333,0.7190605,-822.22266,-1.1018667E7
1262348,0.7719163,-811.04034,-1.1030916E7
1262365,0.7596298,-798.0222,-1.1044593E7
1262381,0.6602579,-786.6631,-1.105727E7
1262399,0.26999998,-776.7615,-1.1070559E7
1262417,0.19448002,-772.5812,-1.1085278E7
1262431,0.109168015,-770.4556,-1.1096079E7
1262449,0.0,-769.47314,-1.1109938E7
1262466,0.0,-769.47314,-1.1123019E7
1262483,-0.15552,-770.79504,-1.1136111E7
1262499,-0.304832,-774.47784,-1.1148473E7
1262516,-0.59000003,-780.26385,-1.1160911E7
1262533,-0.66999996,-789.956,-1.1174258E7
1262549,-0.69352,-800.86414,-1.118778E7
1262565,-0.719632,-812.1694,-1.1200684E7
1262582,-0.72329926,-824.43427,-1.1214595E7
1262598,-0.7094996,-835.89667,-1.1227878E7
1262616,-0.6692198,-848.3051,-1.1243036E7
1262632,-0.5690519,-858.2113,-1.1256688E7
1262649,-0.36895117,-866.1843,-1.1271345E7
1262666,-0.11289072,-870.27997,-1.1286105E7
1262683,0.14074555,-870.0432,-1.1300898E7
1262700,0.32892734,-866.05096,-1.1315655E7
1262717,0.4618364,-859.32947,-1.1330321E7
1262731,0.56958187,-852.10956,-1.1342301E7
1262749,0.6902291,-840.77124,-1.1357537E7
1262765,0.7506175,-829.24445,-1.1370897E7
1262781,0.72285056,-817.4567,-1.1384071E7
1262799,0.6101904,-805.45935,-1.1398677E7
1262815,0.47059426,-796.81305,-1.1411495E7
1262833,0.31883657,-789.7082,-1.1425774E7
1262848,0.18378197,-785.93854,-1.1437591E7
1262866,0.0,-784.2845,-1.1451723E7
1262882,-0.13152,-785.3367,-1.146428E7
1262899,-0.266432,-788.71924,-1.1477659E7
1262917,-0.39537925,-794.67554,-1.149191E7
1262933,-0.49674758,-801.81256,-1.1504682E7
1262950,-0.58156854,-810.9783,-1.1518391E7
1262967,-0.6244612,-821.22955,-1.1532265E7
1262983,-0.6461967,-831.39484,-1.1545486E7
1262999,-0.64323807,-841.7103,-1.1558871E7
1263016,-0.63346285,-852.56226,-1.1573272E7
1263033,-0.59559774,-863.0093,-1.1587854E7
1263050,-0.54087865,-872.6693,-1.1602607E7
1263067,-0.4320472,-880.9392,-1.1617513E7
1263082,-0.21874832,-885.8202,-1.1630764E7
1263099,0.0,-887.67957,-1.1645839E7
1263117,0.34048,-884.61523,-1.166179E7
1263134,0.60076797,-876.6146,-1.167676E7
1263151,0.7329408,-865.2781,-1.1691566E7
1263166,0.7682445,-854.01917,-1.1704461E7
1263183,0.7534267,-841.08496,-1.1718869E7
1263198,0.712536,-830.0903,-1.1731403E7
1263215,0.61200166,-818.8317,-1.1745419E7
1263232,0.467681,-809.6544,-1.1759261E7
1263249,0.28908858,-803.22186,-1.177297E7
1263265,0.10993316,-800.02966,-1.1785796E7
1263282,0.0,-799.0952,-1.1799389E7
1263299,-0.15552,-800.4171,-1.1812985E7
1263315,-0.29283202,-804.0039,-1.182582E7
1263332,-0.4072192,-809.95435,-1.1839539E7
1263349,-0.51185155,-817.7664,-1.1853375E7
1263366,-0.6266309,-827.44354,-1.1867359E7
1263383,-0.71549857,-838.8516,-1.1881523E7
1263400,-0.7568191,-851.36633,-1.189589E7
1263417,-0.7496115,-864.171,-1.1910472E7
1263434,-0.6612869,-876.16364,-1.1925265E7
1263451,-0.48429215,-885.90106,-1.1940243E7
1263466,-0.24209529,-891.34894,-1.1953572E7
1263482,0.0,-893.2857,-1.1967849E7
1263499,0.30047998,-890.7316,-1.1983013E7
1263516,0.49676797,-883.955,-1.1998098E7
1263533,0.5865408,-874.7469,-1.2013047E7
1263548,0.6484045,-865.4848,-1.2026099E7
1263565,0.6855227,-854.1464,-1.2040716E7
1263582,0.68379366,-842.50726,-1.2055138E7
1263600,0.6227562,-830.7483,-1.2070197E7
1263615,0.50613374,-822.2816,-1.2082595E7
1263633,0.35616022,-814.521,-1.2097326E7
1263649,0.21817613,-809.92633,-1.2110322E7
1263665,0.0,-808.1809,-1.2123267E7
1263682,0.0,-808.1809,-1.2137006E7
1263699,-0.16752002,-809.60486,-1.2150757E7
1263716,-0.32803202,-813.8171,-1.2164556E7
1263733,-0.4723392,-820.62024,-1.2178449E7
1263750,-0.55492353,-829.352,-1.2192474E7
1263765,-0.64847416,-838.3775,-1.2204982E7
1263782,-0.7046045,-849.87866,-1.2219332E7
1263798,-0.7302827,-861.3578,-1.2233022E7
1263815,-0.7416897,-873.86957,-1.2247771E7
1263834,-0.7325338,-887.8747,-1.2264508E7
1263848,-0.6710403,-897.6997,-1.2277007E7
1263865,-0.48214418,-907.5018,-1.2292351E7
1263882,-0.1648065,-913.00085,-1.2307825E7
1263899,0.1935961,-912.75616,-1.2323344E7
1263916,0.50863767,-906.7872,-1.233881E7
1263932,0.7056626,-897.07275,-1.2353241E7
1263949,0.75187755,-884.68365,-1.2368386E7
1263962,0.72760653,-875.067,-1.2379824E7
1263966,0.709044,-872.1937,-1.2383319E7
1264021,0.57790637,-836.8026,-1.2430316E7
1264038,0.38722384,-828.599,-1.2444472E7
1264056,0.16881433,-823.59467,-1.2459342E7
1264072,0.0,-822.24414,-1.2472509E7
1264089,-0.15952,-823.60004,-1.2486499E7
1264106,-0.27923203,-827.3294,-1.2500532E7
1264122,-0.3870592,-832.6597,-1.2513812E7
1264139,-0.47975555,-840.02765,-1.252803E7
1264156,-0.57537335,-848.9962,-1.2542387E7
1264173,-0.656744,-859.46924,-1.2556909E7
1264188,-0.7055664,-869.6866,-1.2569878E7
1264207,-0.7028599,-883.06665,-1.2586529E7
1264222,-0.66923594,-893.35736,-1.2599852E7
1264239,-0.5770616,-903.95087,-1.2615129E7
1264255,-0.413757,-911.87744,-1.2629656E7
1264272,-0.18377423,-916.9565,-1.2645201E7
1264289,0.10221543,-917.6497,-1.2660795E7
1264305,0.33380926,-914.1615,-1.2675449E7
1264322,0.5367656,-906.7616,-1.2690927E7
1264339,0.73453933,-895.9555,-1.270625E7
1264355,0.90120363,-882.86957,-1.2720481E7
1264372,0.91320217,-867.44714,-1.2735359E7
1264389,0.8044013,-852.84753,-1.2749982E7
1264405,0.61512077,-841.49133,-1.2763537E7
1264422,0.40155247,-832.8496,-1.2777769E7
1264437,0.24941148,-827.9674,-1.2790225E7
1264456,0.0,-825.598,-1.2805934E7
1264472,-0.12752001,-826.61816,-1.2819152E7
1264489,-0.27203202,-830.01434,-1.2833233E7
1264504,-0.3947392,-835.01514,-1.2845721E7
1264523,-0.48836356,-843.4046,-1.2861666E7
1264538,-0.5845382,-851.45135,-1.2874377E7
1264555,-0.7062429,-862.423,-1.2888945E7
1264571,-0.79926574,-874.46704,-1.290284E7
1264587,-0.84707946,-887.6378,-1.2916937E7
1264605,-0.90999997,-902.28204,-1.2932151E7
1264622,-0.8,-916.55023,-1.2947611E7
1264639,-0.58000004,-928.7704,-1.2963296E7
1264654,-0.37152004,-935.9068,-1.2978213E7
1264671,0.0,-939.0647,-1.299415E7
1264689,1.06,-935.5246,-1.3010084E7
1264705,1.11648,-918.11273,-1.302584E7
1264722,1.102368,-899.2525,-1.3041288E7
1264738,1.0499008,-882.03436,-1.3055538E7
1264755,0.9704205,-864.86163,-1.3070387E7
1264772,0.8427323,-849.4498,-1.3084959E7
1264789,0.68611944,-836.4546,-1.3099289E7
1264805,0.49215168,-827.02844,-1.3112597E7
1264822,0.299771,-820.2971,-1.3126599E7
1264839,0.10834261,-816.8281,-1.3140515E7
1264856,0.0,-815.9072,-1.3154393E7
1264873,-0.15552,-817.2291,-1.3168275E7
1264888,-0.30083203,-820.6518,-1.3180559E7
1264905,-0.43201923,-826.88104,-1.3194563E7
1264921,-0.5467316,-834.71106,-1.3207856E7
1264938,-0.667559,-845.03253,-1.3222134E7
1264955,-0.75205547,-857.09924,-1.3236602E7
1264971,-0.7787533,-869.3457,-1.3250414E7
1264989,-0.76677203,-883.25543,-1.3266187E7
1265006,-0.7555833,-896.19543,-1.3281312E7
1265022,-0.71686995,-907.97504,-1.3295745E7
1265039,-0.505642,-918.3664,-1.3311269E7
1265056,-0.10690519,-923.57306,-1.3326925E7
1265072,0.36833683,-921.4816,-1.3341685E7
1265089,0.7294821,-912.15015,-1.3357271E7
1265105,0.8381693,-899.60895,-1.3371765E7
1265122,0.8273816,-885.4518,-1.3386938E7
1265139,0.80890894,-871.54333,-1.3401872E7
1265156,0.7738254,-858.0901,-1.3416574E7
1265172,0.6767752,-846.4853,-1.3430211E7
1265189,0.5065451,-836.42706,-1.3444516E7
1265204,0.31240708,-830.2849,-1.3457016E7
1265221,0.11592425,-826.6441,-1.34711E7
1265240,0.0,-825.54285,-1.3486796E7
1265254,-0.15952,-826.6595,-1.3498361E7
1265271,-0.28723204,-830.45685,-1.3512446E7
1265288,-0.36785924,-836.02515,-1.3526611E7
1265304,-0.43623555,-842.4579,-1.3540039E7
1265321,-0.5132613,-850.5286,-1.3554429E7
1265338,-0.5994768,-859.9869,-1.3568968E7
1265355,-0.6672061,-870.75366,-1.3583679E7
1265371,-0.69184375,-881.62604,-1.3597698E7
1265387,-0.6426263,-892.3018,-1.3611889E7
1265405,-0.56109583,-903.1353,-1.3628048E7
1265422,-0.44017753,-911.6461,-1.3643474E7
1265439,-0.29562655,-917.90045,-1.3659025E7
1265456,-0.15289593,-921.7129,-1.3674662E7
1265472,0.0,-922.93604,-1.3689419E7
1265489,0.19248001,-921.2999,-1.3705095E7
1265504,0.39196804,-916.91656,-1.3718882E7
1265522,0.60766083,-907.9199,-1.3735306E7
1265539,0.7810765,-896.11566,-1.375064E7
1265554,0.8611259,-883.79913,-1.3763989E7
1265571,0.84915555,-869.2617,-1.377889E7
1265588,0.74197334,-855.7371,-1.3793552E7
1265604,0.565664,-845.276,-1.380716E7
1265621,0.3598784,-837.4089,-1.3821463E7
1265639,0.14440703,-832.8703,-1.3836496E7
1265655,0.0,-831.715,-1.3849813E7
1265672,-0.17152001,-833.173,-1.3863965E7
1265688,-0.29843202,-836.9326,-1.3877326E7
1265705,-0.41857925,-843.0272,-1.3891606E7
1265721,-0.51066756,-850.4612,-1.3905154E7
1265739,-0.5819205,-860.2945,-1.3920551E7
1265755,-0.6326723,-870.0112,-1.3934393E7
1265771,-0.6551234,-880.3136,-1.3948396E7
1265788,-0.65659404,-891.4632,-1.3963456E7
1265805,-0.64147645,-902.49677,-1.3978705E7
1265822,-0.6204059,-913.2228,-1.3994139E7
1265839,-0.56776357,-923.3222,-1.400975E7
1265856,-0.42817816,-931.7877,-1.4025518E7
1265872,-0.2004269,-936.8166,-1.4040467E7
1265889,0.0,-938.5202,-1.4056407E7
1265906,0.32047996,-935.79614,-1.4072339E7
1265921,0.52876794,-929.42676,-1.4086328E7
1265938,0.62174076,-919.64746,-1.4102045E7
1265954,0.68152446,-909.2213,-1.4116676E7
1265971,0.74939466,-897.0585,-1.4132029E7
1265988,0.7661168,-884.17664,-1.4147169E7
1266005,0.68015003,-871.88336,-1.4162096E7
1266022,0.51657003,-861.71124,-1.4176832E7
1266037,0.33442205,-855.3288,-1.418971E7
1266056,-0.120000005,-850.9048,-1.4205066E7
1266072,-0.14352001,-853.01294,-1.4219549E7
1266087,-0.173632,-855.3916,-1.4232362E7
1266104,-0.24769922,-858.9729,-1.4246934E7
1266121,-0.34013957,-863.96954,-1.4261579E7
1266139,-0.43160373,-870.9152,-1.4277193E7
1266155,-0.51448226,-878.4839,-1.4291188E7
1266172,-0.56420934,-887.6528,-1.43062E7
1266189,-0.5860456,-897.42993,-1.4321373E7
1266204,-0.57914734,-906.1689,-1.43349E7
1266223,-0.5470084,-916.8674,-1.4352219E7
1266239,-0.51172507,-925.3372,-1.4366957E7
1266256,-0.47055507,-933.6866,-1.4382759E7
1266273,-0.42585307,-941.306,-1.4398696E7
1266287,-0.39103186,-947.02423,-1.4411914E7
1266304,-0.36213914,-953.4262,-1.4428068E7
1266320,-0.2848035,-958.60175,-1.4443364E7
1266338,-0.114402115,-962.1946,-1.4460651E7
1266355,0.63,-961.7671,-1.4476043E7
1266370,0.75448,-951.3835,-1.4491348E7
1266388,0.921168,-936.3027,-1.4508337E7
1266405,0.9771808,-920.1667,-1.4524117E7
1266421,0.9427885,-904.80695,-1.4538717E7
1266438,0.83415306,-889.70294,-1.455397E7
1266456,0.45000005,-876.8244,-1.4568985E7
1266472,0.35048005,-870.42053,-1.4583837E7
1266488,0.21476802,-865.89856,-1.4597728E7
1266505,0.0,-864.07306,-1.4612433E7
1266522,-0.10352,-864.953,-1.462713E7
1266539,-0.193632,-867.4788,-1.4641856E7
1266554,-0.2676992,-870.9388,-1.4654894E7
1266572,-0.34413952,-876.4453,-1.467062E7
1266589,-0.41800374,-882.9235,-1.4685575E7
1266606,-0.49432227,-890.6783,-1.4700651E7
1266620,-0.55611336,-898.0313,-1.4713172E7
1266638,-0.613188,-908.55505,-1.4729431E7
1266655,-0.64343286,-919.2363,-1.4744967E7
1266672,-0.64557976,-930.19293,-1.4760687E7
1266689,-0.6268679,-941.0087,-1.4776592E7
1266704,-0.61564076,-950.3275,-1.4790777E7
1266721,-0.6089045,-960.73615,-1.4807021E7
1266738,-0.57286274,-970.7812,-1.4823439E7
1266754,-0.44723767,-978.942,-1.4839037E7
1266772,0.0,-982.96716,-1.4856694E7
1266788,0.41647997,-979.6353,-1.4872395E7
1266804,0.818368,-969.75653,-1.488799E7
1266821,0.9675008,-954.57666,-1.4904347E7
1266838,0.9089805,-938.6266,-1.4920439E7
1266855,0.7978684,-924.11835,-1.4936272E7
1266872,0.70720106,-911.32526,-1.4951873E7
1266889,0.6048007,-900.1732,-1.4967271E7
1266904,0.47536042,-892.072,-1.4980713E7
1266923,0.30569625,-884.652,-1.4997592E7
1266939,0.12389776,-881.2152,-1.5011719E7
1266956,0.0,-880.1621,-1.5026691E7
1266973,-0.14752,-881.416,-1.5041664E7
1266990,-0.268032,-884.9482,-1.5056678E7
1267005,-0.3483392,-889.571,-1.5069987E7
1267021,-0.40852353,-895.6259,-1.5084269E7
1267038,-0.47663411,-903.1498,-1.5099559E7
1267055,-0.54950047,-911.87195,-1.5114987E7
1267071,-0.6052203,-921.10974,-1.5129651E7
1267088,-0.6306522,-931.6147,-1.5145399E7
1267106,-0.6339114,-942.9957,-1.516227E7
1267121,-0.61186683,-952.33905,-1.5176485E7
1267139,-0.59464014,-963.19763,-1.5193725E7
1267155,-0.5683041,-972.50116,-1.5209211E7
1267171,-0.4885025,-980.9556,-1.5224839E7
1267189,-0.17662153,-986.9418,-1.524255E7
1267205,0.2265071,-986.54266,-1.5258338E7
1267223,0.5643842,-979.4246,-1.5276032E7
1267239,0.91999996,-970.49615,-1.5289681E7
1267256,0.78999996,-957.0826,-1.5306065E7
1267273,0.77448,-943.7845,-1.5324123E7
1267289,0.77316797,-931.4033,-1.5339125E7
1267304,0.7243808,-920.1717,-1.5353012E7
1267323,0.59910846,-907.5986,-1.5370376E7
1267338,0.17999995,-900.3532,-1.5383032E7
1267354,0.120479956,-897.94934,-1.5398318E7
1267372,0.0,-896.86505,-1.5414471E7
1267389,-0.16000003,-896.86505,-1.5428821E7
1267405,-0.22352004,-899.9332,-1.5444094E7
1267422,-0.47000003,-904.26245,-1.5458528E7
1267439,-0.51352,-912.6224,-1.547488E7
1267455,-0.5676321,-921.2716,-1.5489551E7
1267471,-0.6200993,-930.77344,-1.5504367E7
1267488,-0.6635796,-941.6847,-1.5520283E7
1267506,-0.68,-953.0513,-1.5536388E7
1267522,-0.66352004,-963.79944,-1.5552681E7
1267538,-0.645632,-974.27264,-1.5568186E7
1267555,-0.5908992,-984.78314,-1.5584838E7
1267572,-0.51805955,-994.2093,-1.5601659E7
1267589,-0.43835574,-1002.3388,-1.561863E7
1267606,-0.33853346,-1008.9424,-1.5635726E7
1267621,-0.17864007,-1012.82117,-1.5650889E7
1267640,0.0,-1014.51825,-1.5670149E7
1267656,0.17648003,-1013.1064,-1.568637E7
1267673,0.55999994,-1009.30505,-1.5701538E7
1267688,0.5844799,-1000.72144,-1.5718623E7
1267705,0.57116795,-990.89844,-1.5735552E7
1267721,0.50718075,-982.27167,-1.5751337E7
1267738,0.41278845,-974.4519,-1.5767969E7
1267756,0.110000014,-968.3919,-1.5784483E7
1267772,0.19257185,-964.20374,-1.580091E7
1267789,0.10002312,-961.7167,-1.581728E7
1267805,0.0,-960.9165,-1.5832661E7
1267821,0.0,-960.9165,-1.5848036E7
1267838,0.0,-960.9165,-1.5864372E7
1267855,-0.34352002,-963.8364,-1.5880732E7
1267871,-0.369632,-969.5416,-1.5896199E7
1267888,-0.5892992,-977.69257,-1.591275E7
1267905,-0.59309953,-987.743,-1.5929456E7
1267921,-0.14337975,-993.6348,-1.5945307E7
1267938,-0.48954788,-999.0147,-1.5962245E7
1267954,-0.28524876,-1005.2131,-1.5978279E7
1267972,-0.24266925,-1009.96436,-1.5996416E7
1267989,-0.16912156,-1013.4646,-1.6013615E7
1268005,-0.13299294,-1015.88153,-1.602985E7
1268022,-0.11531576,-1017.9921,-1.6047138E7
1268038,0.0,-1018.9147,-1.6063433E7
1268055,0.0,-1018.9147,-1.6080755E7
1268073,0.0,-1018.9147,-1.6099095E7
1268089,-0.06999999,-1018.9147,-1.6114379E7
1268105,0.0,-1019.4747,-1.6131705E7
1268122,0.0,-1019.4747,-1.6149036E7
1268138,0.0,-1019.4747,-1.6165348E7
1268155,0.0,-1019.4747,-1.6182679E7
1268172,-0.060000002,-1019.4747,-1.6197971E7
1268189,0.0,-1019.9847,-1.6217346E7
1268204,0.0,-1019.9847,-1.6232646E7
1268223,0.0,-1019.9847,-1.6252026E7
1268238,0.0,-1019.9847,-1.6267326E7
1268257,-0.060000002,-1019.9847,-1.6284666E7
1268272,-0.050000012,-1020.40466,-1.6300989E7
1268288,0.0,-1020.8047,-1.6318339E7
1268305,0.0,-1020.8047,-1.6335693E7
1268321,-0.060000002,-1020.8047,-1.6351005E7
1268330,-0.050000012,-1021.0147,-1.6359172E7
1268350,-0.04000002,-1021.4897,-1.6380618E7
1268392,0.0,-1022.3297,-1.642456E7
1268410,-0.050000012,-1022.3297,-1.644194E7
1268426,0.0,-1022.72974,-1.6459323E7
1268443,0.0,-1022.72974,-1.6476709E7
1268460,0.0,-1022.72974,-1.6494095E7
1268477,0.0,-1022.72974,-1.6511481E7
1268491,0.0,-1022.72974,-1.6525799E7
1268509,-0.16000003,-1022.72974,-1.6543185E7
1268525,-0.13952003,-1025.1259,-1.6560592E7
1268542,0.0,-1026.3118,-1.6578029E7
1268560,-0.089999974,-1026.3118,-1.6595476E7
1268575,0.0,-1026.9868,-1.6611902E7
1268593,-0.089999974,-1026.9868,-1.6629361E7
1268608,0.0,-1027.6619,-1.6645798E7
1268626,-0.07999998,-1027.6619,-1.6663268E7
1268644,-0.06999999,-1028.3419,-1.6681772E7
1268659,0.0,-1028.867,-1.669823E7
1268676,0.0,-1028.867,-1.6715721E7
1268693,-0.00999999,-1028.867,-1.6732183E7
1268708,0.0,-1028.9419,-1.6748645E7
1268727,0.0,-1028.9419,-1.6768195E7
1268742,0.0,-1028.9419,-1.678363E7
1268760,0.0,-1028.9419,-1.680215E7
1268776,0.0,-1028.9419,-1.6818614E7
1268793,-0.01999998,-1028.9419,-1.6834048E7
1268810,-0.07999998,-1029.0919,-1.6851542E7
1268825,0.0,-1029.6919,-1.6869042E7
1268842,0.0,-1029.6919,-1.6886546E7
1268861,0.0,-1029.6919,-1.690611E7
1268875,0.0,-1029.6919,-1.6920526E7
1268893,0.0,-1029.6919,-1.693906E7
1268910,-0.04000002,-1029.6919,-1.6955536E7
1268927,0.0,-1030.0319,-1.6974074E7
1268942,-0.050000012,-1030.0319,-1.6988494E7
1268959,0.0,-1030.4569,-1.7007038E7
1268977,-0.04000002,-1030.4569,-1.7024556E7
1268993,0.0,-1030.7769,-1.7042076E7
1269009,0.0,-1030.7769,-1.7058568E7
1269026,0.0,-1030.7769,-1.7076092E7
1269042,0.0,-1030.7769,-1.7092584E7
1269059,0.0,-1030.7769,-1.7110108E7
1269077,0.0,-1030.7769,-1.7128662E7
1269093,0.0,-1030.7769,-1.7145154E7
1269110,0.0,-1030.7769,-1.7162678E7
1269127,0.0,-1030.7769,-1.7180202E7
1269143,0.0,-1030.7769,-1.7196694E7
1269158,0.0,-1030.7769,-1.7212156E7
1269177,0.0,-1030.7769,-1.723174E7
1269194,0.0,-1030.7769,-1.7249264E7
1269208,0.0,-1030.7769,-1.7263694E7
1269226,0.0,-1030.7769,-1.7282248E7
1269242,0.0,-1030.7769,-1.729874E7
1269259,-0.089999974,-1030.7769,-1.7315232E7
1269276,0.0,-1031.5419,-1.7333792E7
1269292,0.0,-1031.5419,-1.7350296E7
1269310,-0.089999974,-1031.5419,-1.7367832E7
1269326,-0.101519994,-1033.074,-1.7385382E7
1269343,-0.14999998,-1034.7856,-1.7401924E7
1269360,-0.14551999,-1037.2976,-1.7420572E7
1269376,0.059999943,-1038.389,-1.743614E7
1269393,-0.07999998,-1037.909,-1.7453788E7
1269409,0.0,-1038.5491,-1.7471438E7
1269426,0.0,-1038.5491,-1.7489094E7
1269443,0.0,-1038.5491,-1.750675E7
1269459,0.0,-1038.5491,-1.7523366E7
1269476,0.0,-1038.5491,-1.7541022E7
1269491,0.0,-1038.5491,-1.75566E7
1269508,0.0,-1038.5491,-1.7574256E7
1269527,-0.050000012,-1038.5491,-1.7591912E7
1269544,0.0,-1038.9741,-1.7611648E7
1269559,-0.07999998,-1038.9741,-1.7626194E7
1269576,0.0,-1039.6542,-1.7644902E7
1269592,0.0,-1039.6542,-1.7661536E7
1269609,0.0,-1039.6542,-1.767921E7
1269627,0.0,-1039.6542,-1.7697924E7
1269641,0.0,-1039.6542,-1.771248E7
1269660,-0.04000002,-1039.6542,-1.7731194E7
1269676,0.0,-1039.9741,-1.774887E7
1269692,0.0,-1039.9741,-1.776551E7
1269708,0.0,-1039.9741,-1.778215E7
1269727,-0.07999998,-1039.9741,-1.780087E7
1269742,-0.10351999,-1041.3505,-1.781752E7
1269759,-0.11363199,-1043.1963,-1.7835238E7
1269776,-0.11169921,-1045.1116,-1.7852988E7
1269794,-0.11853953,-1047.1837,-1.7871818E7
1269809,-0.110643715,-1048.9026,-1.7887538E7
1269826,0.0,-1049.843,-1.7905378E7
1269843,-0.029999971,-1049.843,-1.7921126E7
1269860,0.0,-1050.098,-1.7941076E7
1269877,0.0,-1050.098,-1.7958928E7
1269892,0.0,-1050.098,-1.797468E7
1269911,-0.089999974,-1050.098,-1.7992532E7
1269926,0.0,-1050.7731,-1.801039E7
1269942,-0.07999998,-1050.7731,-1.8026152E7
1269959,0.0,-1051.4531,-1.8045072E7
1269976,0.0,-1051.4531,-1.8062946E7
1269993,0.0,-1051.4531,-1.808082E7
1270010,-0.07999998,-1051.4531,-1.8097644E7
1270026,0.0,-1052.0931,-1.8115524E7
1270043,0.0,-1052.0931,-1.813341E7
1270060,-0.06999999,-1052.0931,-1.8150244E7
1270076,0.0,-1052.6532,-1.8168134E7
1270094,-0.06999999,-1052.6532,-1.818603E7
1270109,0.0,-1053.1782,-1.8202876E7
1270126,0.0,-1053.1782,-1.822078E7
1270142,0.0,-1053.1782,-1.823763E7
1270160,-0.089999974,-1053.1782,-1.8255534E7
1270176,0.0,-1053.8982,-1.8273444E7
1270193,0.0,-1053.8982,-1.829136E7
1270208,0.0,-1053.8982,-1.8307168E7
1270227,0.0,-1053.8982,-1.8327192E7
1270242,0.0,-1053.8982,-1.8343E7
1270259,0.0,-1053.8982,-1.8360916E7
1270276,0.0,-1053.8982,-1.8378832E7
1270295,0.0,-1053.8982,-1.8398856E7
1270309,-0.089999974,-1053.8982,-1.8412556E7
1270326,0.0,-1054.6632,-1.8431534E7
1270343,0.0,-1054.6632,-1.8449464E7
1270360,-0.089999974,-1054.6632,-1.8466338E7
1270376,-0.07999998,-1055.3383,-1.8483218E7
1270393,-0.089999974,-1055.9783,-1.8501164E7
1270409,0.0,-1056.6982,-1.8519122E7
1270427,0.0,-1056.6982,-1.8538142E7
1270444,-0.07999998,-1056.6982,-1.855505E7
1270459,0.0,-1057.2982,-1.8571962E7
1270476,0.0,-1057.2982,-1.8589936E7
1270493,0.0,-1057.2982,-1.860791E7
1270509,0.0,-1057.2982,-1.8624826E7
1270526,0.0,-1057.2982,-1.86428E7
1270543,0.0,-1057.2982,-1.8660774E7
1270558,0.0,-1057.2982,-1.8676634E7
1270577,0.0,-1057.2982,-1.8696722E7
1270592,0.0,-1057.2982,-1.8712582E7
1270609,0.0,-1057.2982,-1.8730556E7
1270626,0.0,-1057.2982,-1.874853E7
1270642,0.0,-1057.2982,-1.8765446E7
1270659,-0.089999974,-1057.2982,-1.8782362E7
1270675,0.0,-1058.0182,-1.8800342E7
1270692,0.0,-1058.0182,-1.8818328E7
1270709,0.0,-1058.0182,-1.8836314E7
1270726,0.0,-1058.0182,-1.88543E7
1270743,0.0,-1058.0182,-1.8872286E7
1270759,0.0,-1058.0182,-1.8889214E7
1270777,0.0,-1058.0182,-1.8908258E7
1270793,0.0,-1058.0182,-1.8925186E7
1270810,0.0,-1058.0182,-1.8943172E7
1270826,0.0,-1058.0182,-1.89601E7
1270843,-0.089999974,-1058.0182,-1.8977028E7
1270859,0.0,-1058.7382,-1.899502E7
1270876,0.0,-1058.7382,-1.9013018E7
1270891,0.0,-1058.7382,-1.90289E7
1270910,0.0,-1058.7382,-1.9049016E7
1270927,-0.089999974,-1058.7382,-1.9064898E7
1270942,0.0,-1059.4132,-1.9082902E7
1270958,0.0,-1059.4132,-1.9099852E7
1270976,0.0,-1059.4132,-1.9118922E7
1270992,0.0,-1059.4132,-1.9135872E7
1271008,0.0,-1059.4132,-1.9152822E7
1271025,0.0,-1059.4132,-1.9170832E7
1271042,0.0,-1059.4132,-1.9188842E7
1271058,0.0,-1059.4132,-1.9205792E7
1271075,0.0,-1059.4132,-1.9223802E7
1271092,0.0,-1059.4132,-1.9241812E7
1271109,0.0,-1059.4132,-1.9259822E7
1271126,0.0,-1059.4132,-1.9277832E7
1271142,0.0,-1059.4132,-1.9294782E7
1271160,0.0,-1059.4132,-1.9313852E7
1271176,0.0,-1059.4132,-1.9330802E7
1271193,0.0,-1059.4132,-1.9348812E7
1271210,0.0,-1059.4132,-1.9366822E7
1271226,0.0,-1059.4132,-1.9383772E7
1271241,0.0,-1059.4132,-1.9399664E7
1271258,0.0,-1059.4132,-1.9417674E7
1271277,0.0,-1059.4132,-1.9437802E7
1271292,0.0,-1059.4132,-1.9453694E7
1271308,0.0,-1059.4132,-1.9470644E7
1271326,0.0,-1059.4132,-1.9489714E7
1271342,0.0,-1059.4132,-1.9506664E7
1271364,0.0,-1059.4132,-1.9529972E7
1271404,0.0,-1059.4132,-1.9572348E7
1271421,-0.07999998,-1059.4132,-1.9589298E7
1271438,0.0,-1060.0933,-1.9608374E7
1271454,0.0,-1060.0933,-1.9625336E7
